Sheet,Row,Column,Cell,RawValue,Formula,CellType,Editable,Hidden,MergedRegion,Label,Purpose,DomainField,UISection,OutputTarget,Notes
Application_form,1,A,A1,"Application ID:","",s,true,false,A1:B1,"","","","","",""
Application_form,1,G,G1,"(For office use)","",s,true,false,G1:H1,"","","","","",""
Application_form,3,A,A3,"APPLICATION FORM FOR FINANCIAL ASSISTANCE UNDER PRIME MINISTERS 
EMPLOYMENT GENERATION PROGRAMME (PMEGP)","",s,true,false,A3:I3,"","","","","",""
Application_form,21,T,T21,"Khadi & V.I. Commission","",s,true,false,,"","","","","",""
Application_form,22,T,T22,"Khadi & V.I.Board","",s,true,false,,"","","","","",""
Application_form,23,T,T23,"District Industries Center","",s,true,false,,"","","","","",""
Application_form,24,T,T24,"District Industries Center","",s,true,false,,"","","","","",""
Application_form,54,A,A54,"12","",n,true,false,,"","","","","",""
Application_form,54,B,B54,"Name of the project / business activity proposed :","",s,true,false,B54:G54,"","","","","",""
Application_form,56,A,A56,"13","",n,true,false,,"","","","","",""
Application_form,56,B,B56,"Amount of loan required (in Rs.)","",s,true,false,B56:E56,"","","","","",""
Application_form,57,B,B57,"Building Type","",s,true,false,B57:B58,"","","","","",""
Application_form,57,C,C57,"Capital Expenditure Loan","",s,true,false,C57:E57,"","","","","",""
Application_form,58,C,C58,"Workshed
Building etc.","",s,true,false,,"","","","","",""
Application_form,58,D,D58,"Machinery/ 
Equipment/Furniture","",s,true,false,,"","","","","",""
Application_form,58,E,E58,"Pre
 Operative
Cost","",s,true,false,,"","","","","",""
Application_form,58,F,F58,"Working 
Capital /
 Cash Credit
 Limit","",s,true,false,,"","","","","",""
Application_form,58,G,G58,"Total","",s,true,false,,"","","","","",""
Application_form,59,B,B59,"Rented","INDEX(DataSheet!L91:L93,DataSheet!M91,B1)",s,false,false,,"","","","","",""
Application_form,59,C,C59,"0","DataSheet!H48",n,false,false,,"","","","","",""
Application_form,59,D,D59,"0","DataSheet!H67+DataSheet!H72",n,false,false,,"","","","","",""
Application_form,59,E,E59,"0","DataSheet!H70+DataSheet!H74",n,false,false,,"","","","","",""
Application_form,59,F,F59,"0","DataSheet!H76",n,false,false,,"","","","","",""
Application_form,59,G,G59,"0","SUM(C59:F59)",n,false,false,,"","","","","",""
Application_form,60,A,A60,"14","",n,true,false,,"","","","","",""
Application_form,60,B,B60,"Details of earlier or current Loan/Grant and subsidy availed from Central/State Govt. Scheme/ or any other Similar Scheme.","",s,true,false,B60:G60,"","","","","",""
Application_form,61,B,B61,"Activity of the Project with Address","",s,true,false,B61:D61,"","","","","",""
Application_form,61,E,E61,"Amount","",s,true,false,,"","","","","",""
Application_form,61,F,F61,"Year of Sanction","",s,true,false,F61:G61,"","","","","",""
Application_form,63,B,B63,"I certify that all information furnished by me is true; and that I and any of my dependent have not borrowed any money under subsidy linked scheme from any Central / State Government or bank for establishing any such project","",s,true,false,B63:I63,"","","","","",""
Application_form,65,B,B65,"Place:","",s,true,false,,"","","","","",""
Application_form,66,B,B66,"Date:","",s,true,false,,"","","","","",""
Application_form,66,G,G66,"Signature of the Applicant","",s,true,false,G66:I66,"","","","","",""
Application_form,68,B,B68,"For Official Use only:","",s,true,false,B68:C68,"","","","","",""
Application_form,68,D,D68,"(Rejected / to be placed before District Task force Committee)","",s,true,false,D68:I68,"","","","","",""
Application_form,69,B,B69,"Reason (if Rejected):","",s,true,false,B69:C69,"","","","","",""
Application_form,72,B,B72,"Place:","",s,true,false,,"","","","","",""
Application_form,72,F,F72,"Signature, Name & Designation of Officer","",s,true,false,F72:I72,"","","","","",""
Application_form,73,B,B73,"Date:","",s,true,false,,"","","","","",""
Application_form,76,B,B76,"NOTE","",s,true,false,B76:I76,"","","","","",""
Application_form,77,B,B77,"• Own contribution must be invested 5% for SC/ST/OBC/PHC/woman/ Ex-serviceman/ North East Reason/Hill Boarder Area and 10% for General 
• Total Project Cost should not exceed 25 lakhs for Manufacturing unit and 10 lakhs for service unit.
• Applicant will not be entitled  for additional  Margin Money(Subsidy) in case of Own Contribution  over and above the prescribed limit.
• VIIIth  pass for Manufacturing Unit above Rs.10 lakhs project cost and under Service Sector above  Rs.5 lakhs 
• Application should be submitted complete in all respect along with attested  copies of the following documents:
1. Certificate of qualification-academic and technical (if  project cost above 5 lakhs under service industry  or above 10 lakhs under Manufacturing industry)
2. Relevant Certificate for SC/ST/OBC/Minority/Ex-Servicemen/PHC
3. if Entrepreneur Development programme(EDP) training undergone (at least for two weeks) then submit photocopy of the certificate
","",s,true,false,B77:I77,"","","","","",""
DataSheet,1,A,A1,"DATA INPUT SHEET","",s,true,false,A1:I1,"","","","","",""
DataSheet,5,A,A5,"Preference for sponsoring agency of the project :","",s,true,false,A5:G5,"","","","","",""
DataSheet,5,H,H5,"(mark √ )","",s,true,false,H5:I5,"","","","","",""
DataSheet,6,A,A6," Unit Location (As per revenue record) :","",s,true,false,A6:G6,"","","","","",""
DataSheet,6,H,H6,"(mark √ )","",s,true,false,H6:I6,"","","","","",""
DataSheet,7,B,B7,"KVIC","",s,true,false,,"","","","","",""
DataSheet,7,C,C7,"√","IF(DataSheet!M59=1,""√"","" "")",s,false,false,,"","","","","",""
DataSheet,7,D,D7,"KVIB","",s,true,false,,"","","","","",""
DataSheet,7,E,E7," ","IF(DataSheet!M59=2,""√"","" "")",s,false,false,,"","","","","",""
DataSheet,7,F,F7,"DIC","",s,true,false,,"","","","","",""
DataSheet,7,G,G7," ","IF(DataSheet!M59=3,""√"","" "")",s,false,false,,"","","","","",""
DataSheet,7,H,H7,"  COIR Board","",s,true,false,,"","","","","",""
DataSheet,7,J,J7," ","IF(DataSheet!M59=4,""√"","" "")",s,false,false,,"","","","","",""
DataSheet,8,A,A8,"1.1","",n,true,false,,"","","","","",""
DataSheet,8,B,B8,"Name of the Applicant/Institution","",s,true,false,B8:F8,"","","","","",""
DataSheet,10,A,A10,"1.2","",n,true,false,,"","","","","",""
DataSheet,12,A,A12,"2","",n,true,false,,"","","","","",""
DataSheet,12,B,B12,"Gender","",s,true,false,,"","","","","",""
DataSheet,12,D,D12,"Male","",s,true,false,,"","","","","",""
DataSheet,12,E,E12,"√","IF(DataSheet!M55=1,""√"","" "")",s,false,false,,"","","","","",""
DataSheet,12,F,F12,"Female","",s,true,false,,"","","","","",""
DataSheet,12,G,G12," ","IF(DataSheet!M55=2,""√"","" "")",s,false,false,,"","","","","",""
DataSheet,12,H,H12,"Transgender","",s,true,false,,"","","","","",""
DataSheet,12,I,I12," ","IF(DataSheet!M55=3,""√"","" "")",s,false,false,,"","","","","",""
DataSheet,13,A,A13,"3","",n,true,false,,"","","","","",""
DataSheet,13,B,B13,"Address of the Proposed location of Unit:","",s,true,false,B13:E13,"","","","","",""
DataSheet,13,F,F13,"Rural","",s,true,false,,"","","","","",""
DataSheet,13,G,G13,"√","IF(DataSheet!M64=1,""√"","" "")",s,false,false,,"","","","","",""
DataSheet,13,H,H13,"Urban","",s,true,false,,"","","","","",""
DataSheet,13,I,I13," ","IF(DataSheet!M64<>1,""√"","" "")",s,false,false,,"","","","","",""
DataSheet,16,B,B16,"Taluk/Block:","",s,true,false,B16:C16,"","","","","",""
DataSheet,17,B,B17,"District:","",s,true,false,B17:C17,"","","","","",""
DataSheet,17,G,G17,"Pin:","",s,true,false,,"","","","","",""
DataSheet,18,B,B18,"State:","",s,true,false,,"","","","","",""
DataSheet,19,B,B19,"Email:","",s,true,false,,"","","","","",""
DataSheet,19,F,F19,"Mobile:","",s,true,false,,"","","","","",""
DataSheet,19,U,U19,"Urban","",s,true,false,,"","","","","",""
DataSheet,21,A,A21,"4","",n,true,false,,"","","","","",""
DataSheet,21,B,B21,"Qualification","",s,true,false,B21:C21,"","","","","",""
DataSheet,22,B,B22,"Academic","",s,true,false,B22:D22,"","","","","",""
DataSheet,22,E,E22,"Technical","",s,true,false,E22:H22,"","","","","",""
DataSheet,23,B,B23,"12th Pass","INDEX(DataSheet!L83:L89,DataSheet!M83)",s,false,false,B23:D23,"","","","","",""
DataSheet,25,A,A25,"5","",n,true,false,,"","","","","",""
DataSheet,25,B,B25,"Whether the applicant belongs to (mark √)","",s,true,false,,"","","","","",""
DataSheet,25,L,L25,"0.35","IF(DataSheet!M59=4,IF(AND(DataSheet!M56=1, DataSheet!M70=8),15%,25%),IF(AND(DataSheet!M56=1, DataSheet!M70=8),25%,35%))",n,false,false,,"","","","","",""
DataSheet,26,B,B26,"SC","",s,true,false,,"","","","","",""
DataSheet,26,C,C26,"ST ","",s,true,false,,"","","","","",""
DataSheet,26,D,D26,"OBC","",s,true,false,,"","","","","",""
DataSheet,26,E,E26,"PHC","",s,true,false,,"","","","","",""
DataSheet,26,F,F26,"Ex- Service man","",s,true,false,,"","","","","",""
DataSheet,26,G,G26,"Minority","",s,true,false,,"","","","","",""
DataSheet,26,H,H26,"Hill Border Area","",s,true,false,,"","","","","",""
DataSheet,26,I,I26,"Aspirational Districts","",s,true,false,,"","","","","",""
DataSheet,26,J,J26,"General","",s,true,false,,"","","","","",""
DataSheet,27,B,B27,"√","IF(DataSheet!M70=1,""√"","" "")",s,false,false,,"","","","","",""
DataSheet,27,C,C27," ","IF(DataSheet!M70=2,""√"","" "")",s,false,false,,"","","","","",""
DataSheet,27,D,D27," ","IF(DataSheet!M70=3,""√"","" "")",s,false,false,,"","","","","",""
DataSheet,27,E,E27," ","IF(DataSheet!M70=4,""√"","" "")",s,false,false,,"","","","","",""
DataSheet,27,F,F27," ","IF(DataSheet!M70=5,""√"","" "")",s,false,false,,"","","","","",""
DataSheet,27,G,G27," ","IF(DataSheet!M70=6,""√"","" "")",s,false,false,,"","","","","",""
DataSheet,27,H,H27," ","IF(DataSheet!M70=7,""√"","" "")",s,false,false,,"","","","","",""
DataSheet,27,I,I27," ","IF(DataSheet!M70=8,""√"","" "")",s,false,false,,"","","","","",""
DataSheet,27,J,J27," ","IF(DataSheet!M70=9,""√"","" "")",s,false,false,,"","","","","",""
DataSheet,29,A,A29,"6","",n,true,false,,"","","","","",""
DataSheet,29,B,B29,"Whether the project (mark √)","",s,true,false,B29:C29,"","","","","",""
DataSheet,29,F,F29,"Manufacturing Unit","",s,true,false,,"","","","","",""
DataSheet,29,G,G29,"√","IF(DataSheet!M80=1,""√"","" "")",s,false,false,,"","","","","",""
DataSheet,29,H,H29,"Service Unit","",s,true,false,,"","","","","",""
DataSheet,29,I,I29," ","IF(DataSheet!M80=2,""√"","" "")",s,false,false,,"","","","","",""
DataSheet,31,A,A31,"8","",n,true,false,,"","","","","",""
DataSheet,31,B,B31,"Name of the project / business activity proposed :","",s,true,false,B31:G31,"","","","","",""
DataSheet,34,B,B34,"Legal Status:","",s,true,false,,"","","","","",""
DataSheet,36,B,B36,"Land","",s,true,false,B36:E36,"","","","","",""
DataSheet,36,M,M36,"#VALUE!","L59:L62",e,false,false,,"","","","","",""
DataSheet,39,B,B39,"BUILDING DETAILS","",s,true,false,B39:I39,"","","","","",""
DataSheet,40,B,B40,"Particulars","",s,true,false,B40:E40,"","","","","",""
DataSheet,40,F,F40,"Area","",s,true,false,,"","","","","",""
DataSheet,40,G,G40,"Rate/Sq.ft","",s,true,false,,"","","","","",""
DataSheet,40,H,H40,"Amount in Rs.","",s,true,false,H40:I40,"","","","","",""
DataSheet,41,B,B41,"2 Floor Building","",s,true,false,B41:E41,"","","","","",""
DataSheet,41,H,H41,"0.00","IF(F41>=1,F41*G41,G41)",n,false,false,H41:I41,"","","","","",""
DataSheet,42,H,H42,"0.00","IF(F42>=1,F42*G42,G42)",n,false,false,H42:I42,"","","","","",""
DataSheet,43,H,H43,"0.00","IF(F43>=1,F43*G43,G43)",n,false,false,H43:I43,"","","","","",""
DataSheet,44,H,H44,"0.00","IF(F44>=1,F44*G44,G44)",n,false,false,H44:I44,"","","","","",""
DataSheet,45,H,H45,"0.00","IF(F45>=1,F45*G45,G45)",n,false,false,H45:I45,"","","","","",""
DataSheet,46,H,H46,"0.00","IF(F46>=1,F46*G46,G46)",n,false,false,H46:I46,"","","","","",""
DataSheet,46,K,K46," ","",s,true,false,,"","","","","",""
DataSheet,47,H,H47,"0.00","IF(F47>=1,F47*G47,G47)",n,false,false,H47:I47,"","","","","",""
DataSheet,48,H,H48,"0.00","SUM(H41:H47)",n,false,false,H48:I48,"","","","","",""
DataSheet,52,B,B52,"MACHINERY DETAILS","",s,true,false,B52:I52,"","","","","",""
DataSheet,53,B,B53,"Particulars","",s,true,false,B53:E53,"","","","","",""
DataSheet,53,F,F53,"Qty.","",s,true,false,,"","","","","",""
DataSheet,53,G,G53,"Rate","",s,true,false,,"","","","","",""
DataSheet,53,H,H53,"Amount in Rs.","",s,true,false,H53:I53,"","","","","",""
DataSheet,54,B,B54,"CNC","",s,true,false,B54:E54,"","","","","",""
DataSheet,54,H,H54,"0.00","IF(F54>=1,F54*G54,G54)",n,false,false,H54:I54,"","","","","",""
DataSheet,55,H,H55,"0.00","IF(F55>=1,F55*G55,G55)",n,false,false,H55:I55,"","","","","",""
DataSheet,55,L,L55,"Male","",s,true,false,,"","","","","",""
DataSheet,55,M,M55,"1","",n,true,false,,"","","","","",""
DataSheet,55,Q,Q55,"0.35","IF(IF(AND(DataSheet!M55=1, DataSheet!M70=9, DataSheet!M64=2),15%,25%),IF(AND(DataSheet!M55=1, DataSheet!M70=9, DataSheet!M64=1),25%,35%))",n,false,false,,"","","","","",""
DataSheet,56,H,H56,"0.00","IF(F56>=1,F56*G56,G56)",n,false,false,H56:I56,"","","","","",""
DataSheet,56,L,L56,"Female","",s,true,false,,"","","","","",""
DataSheet,57,H,H57,"0.00","IF(F57>=1,F57*G57,G57)",n,false,false,H57:I57,"","","","","",""
DataSheet,57,L,L57,"Transgender","",s,true,false,,"","","","","",""
DataSheet,57,R,R57,"35","IF(M64=2,IF(AND(M55=1,M70=9),15,25),IF(AND(M55=1,M70=9),25,35))",n,false,false,,"","","","","",""
DataSheet,58,H,H58,"0.00","IF(F58>=1,F58*G58,G58)",n,false,false,H58:I58,"","","","","",""
DataSheet,58,R,R58,"25","IF(AND(M55=1,M70=9,M64=2),15,25)",n,false,false,,"","","","","",""
DataSheet,59,H,H59,"0.00","IF(F59>=1,F59*G59,G59)",n,false,false,H59:I59,"","","","","",""
DataSheet,59,L,L59,"KVIC","",s,true,false,,"","","","","",""
DataSheet,59,M,M59,"1","",n,true,false,,"","","","","",""
DataSheet,59,R,R59,"25","IF(AND(M55=1,M64=1,M70=9),35,25)",n,false,false,,"","","","","",""
DataSheet,60,H,H60,"0.00","IF(F60>=1,F60*G60,G60)",n,false,false,H60:I60,"","","","","",""
DataSheet,60,L,L60,"KVIB","",s,true,false,,"","","","","",""
DataSheet,60,R,R60,"0","IF(AND(M57=1,M72=9,M66=2),15,0)",n,false,false,,"","","","","",""
DataSheet,61,H,H61,"0.00","IF(F61>=1,F61*G61,G61)",n,false,false,H61:I61,"","","","","",""
DataSheet,61,L,L61,"DIC","",s,true,false,,"","","","","",""
DataSheet,61,P,P61,"1","",n,true,false,,"","","","","",""
DataSheet,62,H,H62,"0.00","IF(F62>=1,F62*G62,G62)",n,false,false,H62:I62,"","","","","",""
DataSheet,62,L,L62,"COIR Board","",s,true,false,,"","","","","",""
DataSheet,63,H,H63,"0.00","IF(F63>=1,F63*G63,G63)",n,false,false,H63:I63,"","","","","",""
DataSheet,64,H,H64,"0.00","IF(F64>=1,F64*G64,G64)",n,false,false,H64:I64,"","","","","",""
DataSheet,64,L,L64,"Rural","",s,true,false,,"","","","","",""
DataSheet,64,M,M64,"1","",n,true,false,,"","","","","",""
DataSheet,65,H,H65,"0.00","IF(F65>=1,F65*G65,G65)",n,false,false,H65:I65,"","","","","",""
DataSheet,65,L,L65,"Urban","",s,true,false,,"","","","","",""
DataSheet,66,H,H66,"0.00","IF(F66>=1,F66*G66,G66)",n,false,false,H66:I66,"","","","","",""
DataSheet,67,B,B67,"Total","",s,true,false,B67:E67,"","","","","",""
DataSheet,67,H,H67,"0.00","SUM(H54:H66)",n,false,false,H67:I67,"","","","","",""
DataSheet,67,L,L67,"No","",s,true,false,,"","","","","",""
DataSheet,67,M,M67,"1","",n,true,false,,"","","","","",""
DataSheet,68,L,L68,"Yes","",s,true,false,,"","","","","",""
DataSheet,70,B,B70,"d.  Preliminary & Pre-operative Cost :","",s,true,false,B70:E70,"","","","","",""
DataSheet,70,L,L70,"SC","",s,true,false,,"","","","","",""
DataSheet,70,M,M70,"1","",n,true,false,,"","","","","",""
DataSheet,71,L,L71,"ST","",s,true,false,,"","","","","",""
DataSheet,72,B,B72,"e.  Furniture & Fixtures                         :","",s,true,false,B72:E72,"","","","","",""
DataSheet,72,L,L72,"OBC","",s,true,false,,"","","","","",""
DataSheet,73,L,L73,"PHC","",s,true,false,,"","","","","",""
DataSheet,74,B,B74,"f.   Contingency/Others/Miscellaneous                                    :","",s,true,false,B74:E74,"","","","","",""
DataSheet,74,L,L74,"Ex- Serviceman","",s,true,false,,"","","","","",""
DataSheet,75,L,L75,"Minority","",s,true,false,,"","","","","",""
DataSheet,76,B,B76,"Working Capital                                :","",s,true,false,B76:E76,"","","","","",""
DataSheet,76,H,H76,"0.00","SUM(H70:I74)",n,false,false,H76:I76,"","","","","",""
DataSheet,76,L,L76,"Hill Boarder Area","",s,true,false,,"","","","","",""
DataSheet,77,L,L77,"Aspirational Districts","",s,true,false,,"","","","","",""
DataSheet,78,L,L78,"General","",s,true,false,,"","","","","",""
DataSheet,80,L,L80,"Manufacturing ","",s,true,false,,"","","","","",""
DataSheet,80,M,M80,"1","",n,true,false,,"","","","","",""
DataSheet,81,L,L81,"Service","",s,true,false,,"","","","","",""
DataSheet,83,B,B83,"Means of Financing","",s,true,false,B83:G83,"","","","","",""
DataSheet,83,L,L83,"Under 8th","",s,true,false,,"","","","","",""
DataSheet,83,M,M83,"4","",n,true,false,,"","","","","",""
DataSheet,84,L,L84,"8th Pass","",s,true,false,,"","","","","",""
DataSheet,85,B,B85,"Own Contribution                                :","",s,true,false,B85:E85,"","","","","",""
DataSheet,85,G,G85,"5%","IF(AND(DataSheet!M55=1, DataSheet!M70=9),10%,5%)",n,false,false,,"","","","","",""
DataSheet,85,L,L85,"10th Pass","",s,true,false,,"","","","","",""
DataSheet,86,B,B86,"Bank Finance                                    : ","",s,true,false,B86:E86,"","","","","",""
DataSheet,86,G,G86,"95%","100%-G85",n,false,false,,"","","","","",""
DataSheet,86,L,L86,"12th Pass","",s,true,false,,"","","","","",""
DataSheet,87,B,B87,"Margin Money (Govt. Subsidy)                   :","",s,true,false,B87:E87,"","","","","",""
DataSheet,87,G,G87,"35%","IF(DataSheet!M64=2,IF(AND(DataSheet!M55=1,DataSheet!M70=9),15%,25%),IF(AND(DataSheet!M55=1,DataSheet!M70=9),25%,35%))",n,false,false,,"","","","","",""
DataSheet,87,L,L87,"Graduate","",s,true,false,,"","","","","",""
DataSheet,88,L,L88,"Post Graduate","",s,true,false,,"","","","","",""
DataSheet,89,L,L89,"PhD","",s,true,false,,"","","","","",""
DataSheet,91,B,B91,"DETAILS OF SALES","",s,true,false,B91:I91,"","","","","",""
DataSheet,91,L,L91,"Own","",s,true,false,,"","","","","",""
DataSheet,91,M,M91,"2","",n,true,false,,"","","","","",""
DataSheet,92,B,B92,"Particulars of Products","",s,true,false,B92:E93,"","","","","",""
DataSheet,92,F,F92,"Rate/","",s,true,false,,"","","","","",""
DataSheet,92,G,G92,"Qantity","",s,true,false,,"","","","","",""
DataSheet,92,H,H92,"Amount in Rs.","",s,true,false,H92:I92,"","","","","",""
DataSheet,92,L,L92,"Rented","",s,true,false,,"","","","","",""
DataSheet,93,F,F93,"Unit","",s,true,false,,"","","","","",""
DataSheet,93,L,L93,"Leased","",s,true,false,,"","","","","",""
DataSheet,94,H,H94,"0.00","IF(G94>=1,G94*F94,F94)",n,false,false,H94:I94,"","","","","",""
DataSheet,95,H,H95,"0.00","IF(G95>=1,G95*F95,F95)",n,false,false,H95:I95,"","","","","",""
DataSheet,96,H,H96,"0.00","IF(G96>=1,G96*F96,F96)",n,false,false,H96:I96,"","","","","",""
DataSheet,97,H,H97,"0.00","IF(G97>=1,G97*F97,F97)",n,false,false,H97:I97,"","","","","",""
DataSheet,98,H,H98,"0.00","IF(G98>=1,G98*F98,F98)",n,false,false,H98:I98,"","","","","",""
DataSheet,99,H,H99,"0.00","IF(G99>=1,G99*F99,F99)",n,false,false,H99:I99,"","","","","",""
DataSheet,100,H,H100,"0.00","IF(G100>=1,G100*F100,F100)",n,false,false,H100:I100,"","","","","",""
DataSheet,101,H,H101,"0.00","IF(G101>=1,G101*F101,F101)",n,false,false,H101:I101,"","","","","",""
DataSheet,102,B,B102,"Total","",s,true,false,B102:E102,"","","","","",""
DataSheet,102,H,H102,"0.00","SUM(H94:H101)",n,false,false,H102:I102,"","","","","",""
DataSheet,105,B,B105,"RAW MATERIALS","",s,true,false,B105:I105,"","","","","",""
DataSheet,106,B,B106,"Particulars","",s,true,false,B106:D106,"","","","","",""
DataSheet,106,E,E106,"Unit","",s,true,false,,"","","","","",""
DataSheet,106,F,F106,"Rate/Unit","",s,true,false,,"","","","","",""
DataSheet,106,G,G106,"Reqd. Unit","",s,true,false,,"","","","","",""
DataSheet,106,H,H106,"Amount In Rs.","",s,true,false,H106:I106,"","","","","",""
DataSheet,107,H,H107,"0.00","IF(G107>=1,G107*F107,F107)",n,false,false,H107:I107,"","","","","",""
DataSheet,108,H,H108,"0.00","IF(G108>=1,G108*F108,F108)",n,false,false,H108:I108,"","","","","",""
DataSheet,109,H,H109,"0.00","IF(G109>=1,G109*F109,F109)",n,false,false,H109:I109,"","","","","",""
DataSheet,110,H,H110,"0.00","IF(G110>=1,G110*F110,F110)",n,false,false,H110:I110,"","","","","",""
DataSheet,111,H,H111,"0.00","IF(G111>=1,G111*F111,F111)",n,false,false,H111:I111,"","","","","",""
DataSheet,112,H,H112,"0.00","IF(G112>=1,G112*F112,F112)",n,false,false,H112:I112,"","","","","",""
DataSheet,113,H,H113,"0.00","IF(G113>=1,G113*F113,F113)",n,false,false,H113:I113,"","","","","",""
DataSheet,114,H,H114,"0.00","IF(G114>=1,G114*F114,F114)",n,false,false,H114:I114,"","","","","",""
DataSheet,115,H,H115,"0.00","IF(G115>=1,G115*F115,F115)",n,false,false,H115:I115,"","","","","",""
DataSheet,116,B,B116,"Total","",s,true,false,B116:D116,"","","","","",""
DataSheet,116,H,H116,"0.00","SUM(H107:H115)",n,false,false,H116:I116,"","","","","",""
DataSheet,118,B,B118,"WAGES","",s,true,false,B118:I118,"","","","","",""
DataSheet,119,B,B119,"Particulars","",s,true,false,B119:D120,"","","","","",""
DataSheet,119,E,E119,"No. of","",s,true,false,,"","","","","",""
DataSheet,119,F,F119,"Wages Per Month","",s,true,false,F119:G119,"","","","","",""
DataSheet,119,H,H119,"Amount in Rs.","",s,true,false,H119:I119,"","","","","",""
DataSheet,120,E,E120,"Worker","",s,true,false,,"","","","","",""
DataSheet,120,F,F120,"Total Month","",s,true,false,,"","","","","",""
DataSheet,120,G,G120,"12","",n,true,false,,"","","","","",""
DataSheet,121,B,B121,"Labor","",s,true,false,B121:D121,"","","","","",""
DataSheet,121,H,H121,"0.00","E121*F121*G120",n,false,false,H121:I121,"","","","","",""
DataSheet,122,H,H122,"0.00","E122*F122*G120",n,false,false,H122:I122,"","","","","",""
DataSheet,123,H,H123,"0.00","E123*F123*G120",n,false,false,H123:I123,"","","","","",""
DataSheet,124,H,H124,"0.00","E124*F124*G120",n,false,false,H124:I124,"","","","","",""
DataSheet,125,H,H125,"0.00","E125*F125*G120",n,false,false,H125:I125,"","","","","",""
DataSheet,126,H,H126,"0.00","E126*F126*G120",n,false,false,H126:I126,"","","","","",""
DataSheet,127,H,H127,"0.00","E127*F127*G120",n,false,false,H127:I127,"","","","","",""
DataSheet,128,B,B128,"Total","",s,true,false,B128:D128,"","","","","",""
DataSheet,128,E,E128,"0","SUM(E121:E127)",n,false,false,,"","","","","",""
DataSheet,128,H,H128,"0.00","SUM(H121:H127)",n,false,false,H128:I128,"","","","","",""
DataSheet,131,B,B131,"SALARY DETAILS","",s,true,false,B131:I131,"","","","","",""
DataSheet,132,B,B132,"Particulars","",s,true,false,B132:D133,"","","","","",""
DataSheet,132,E,E132,"No. of ","",s,true,false,,"","","","","",""
DataSheet,132,F,F132,"Wages Per Month","",s,true,false,F132:G132,"","","","","",""
DataSheet,132,H,H132,"Amount in Rs.","",s,true,false,H132:I132,"","","","","",""
DataSheet,133,E,E133,"Staff","",s,true,false,,"","","","","",""
DataSheet,133,F,F133,"Total Month","",s,true,false,,"","","","","",""
DataSheet,133,G,G133,"12","",n,true,false,,"","","","","",""
DataSheet,134,H,H134,"0.00","E134*F134*G133",n,false,false,H134:I134,"","","","","",""
DataSheet,135,H,H135,"0.00","E135*F135*G133",n,false,false,H135:I135,"","","","","",""
DataSheet,136,H,H136,"0.00","E136*F136*G133",n,false,false,H136:I136,"","","","","",""
DataSheet,137,H,H137,"0.00","E137*F137*G133",n,false,false,H137:I137,"","","","","",""
DataSheet,138,H,H138,"0.00","E138*F138*G133",n,false,false,H138:I138,"","","","","",""
DataSheet,139,B,B139,"Total","",s,true,false,B139:D139,"","","","","",""
DataSheet,139,E,E139,"0","SUM(E134:E138)",n,false,false,,"","","","","",""
DataSheet,139,H,H139,"0.00","SUM(H134:H138)",n,false,false,H139:I139,"","","","","",""
DataSheet,142,B,B142,"WORKING CAPITAL ESTIMATE","",s,true,false,B142:G142,"","","","","",""
DataSheet,143,B,B143,"Element of Working Capital","",s,true,false,B143:D143,"","","","","",""
DataSheet,143,G,G143,"No. of Days","",s,true,false,,"","","","","",""
DataSheet,146,B,B146,"Stock in process","",s,true,false,B146:D146,"","","","","",""
DataSheet,148,B,B148,"Finished goods","",s,true,false,B148:D148,"","","","","",""
DataSheet,150,B,B150,"Receivable by","",s,true,false,B150:D150,"","","","","",""
DataSheet,153,B,B153,"POWER  ESTIMATE","",s,true,false,B153:G153,"","","","","",""
DataSheet,154,B,B154,"Power Requirement","",s,true,false,B154:F154,"","","","","",""
DataSheet,157,B,B157,"Repair and Maintanance","",s,true,false,B157:E157,"","","","","",""
DataSheet,157,G,G157,"Rs.","",s,true,false,,"","","","","",""
DataSheet,157,H,H157,"0.00","F157*H102",n,false,false,H157:I157,"","","","","",""
DataSheet,159,B,B159,"Power and Fuel","",s,true,false,B159:E159,"","","","","",""
DataSheet,159,G,G159,"Rs.","",s,true,false,,"","","","","",""
DataSheet,159,H,H159,"0.00","F159*H102",n,false,false,H159:I159,"","","","","",""
DataSheet,161,B,B161,"Other Overhead Expenses","",s,true,false,B161:E161,"","","","","",""
DataSheet,161,G,G161,"Rs.","",s,true,false,,"","","","","",""
DataSheet,161,H,H161,"0.00","F161*H102",n,false,false,H161:I161,"","","","","",""
DataSheet,163,B,B163,"Telephone Expenses","",s,true,false,B163:E163,"","","","","",""
DataSheet,163,G,G163,"Rs.","",s,true,false,,"","","","","",""
DataSheet,163,H,H163,"0.00","F163*H102",n,false,false,H163:I163,"","","","","",""
DataSheet,165,B,B165,"Stationery & Postage","",s,true,false,B165:E165,"","","","","",""
DataSheet,165,G,G165,"Rs.","",s,true,false,,"","","","","",""
DataSheet,165,H,H165,"0.00","F165*H102",n,false,false,H165:I165,"","","","","",""
DataSheet,167,B,B167,"Advertisement & Publicity","",s,true,false,B167:E167,"","","","","",""
DataSheet,167,G,G167,"Rs.","",s,true,false,,"","","","","",""
DataSheet,167,H,H167,"0.00","F167*H102",n,false,false,H167:I167,"","","","","",""
DataSheet,169,B,B169,"Building Rent","",s,true,false,B169:E169,"","","","","",""
DataSheet,169,G,G169,"Rs.","",s,true,false,,"","","","","",""
DataSheet,171,B,B171,"Other Miscelleneous Expenditure","",s,true,false,B171:E171,"","","","","",""
DataSheet,171,G,G171,"Rs.","",s,true,false,,"","","","","",""
DataSheet,171,H,H171,"0.00","F171*H102",n,false,false,H171:I171,"","","","","",""
DataSheet,173,B,B173,"Rate of Interest","",s,true,false,B173:E173,"","","","","",""
DataSheet,175,B,B175,"Depreciation","",s,true,false,B175:E175,"","","","","",""
DataSheet,176,B,B176,"On Building","",s,true,false,B176:E176,"","","","","",""
DataSheet,177,B,B177,"On Machinery","",s,true,false,B177:E177,"","","","","",""
DataSheet,179,B,B179,"Pay back period","",s,true,false,B179:E179,"","","","","",""
DataSheet,179,F,F179,"5","",n,true,false,,"","","","","",""
DataSheet,180,B,B180,"Project Implementation Period","",s,true,false,B180:E180,"","","","","",""
DataSheet,180,F,F180,"2","",n,true,false,,"","","","","",""
DataSheet,180,G,G180,"12","",n,true,false,,"","","","","",""
DataSheet,182,B,B182,"INTRODUCTION","",s,true,false,B182:E182,"","","","","",""
DataSheet,200,B,B200,"ABOUT THE PROMOTER","",s,true,false,B200:G200,"","","","","",""
DataSheet,219,B,B219,"Office Address:","",s,true,false,B219:C219,"","","","","",""
DataSheet,220,B,B220,"District:","",s,true,false,B220:G220,"","","","","",""
DataSheet,221,B,B221,"Khadi & V.I. Commission","",s,true,false,B221:G221,"","","","","",""
DataSheet,222,B,B222,"0","",n,true,false,B222:G222,"","","","","",""
DataSheet,223,B,B223,"0","",n,true,false,B223:G223,"","","","","",""
DataSheet,224,B,B224,"Taluk/Block:","",s,true,false,B224:D224,"","","","","",""
DataSheet,224,E,E224,"State:","",s,true,false,,"","","","","",""
DataSheet,224,F,F224,"0","",n,true,false,F224:G224,"","","","","",""
DataSheet,227,B,B227,"Name & Signature Incharge","",s,true,false,B227:F227,"","","","","",""
DataSheet,228,C,C228,"with round seal","",s,true,false,C228:E228,"","","","","",""
DataSheet,233,B,B233,"INTRODUCTION","",s,true,false,B233:E233,"","","","","",""
DataSheet,250,B,B250,"ABOUT THE BENEFICIARY","",s,true,false,B250:G250,"","","","","",""
DPR_print,1,B,B1,"PROJECT AT A GLANCE - TOP SHEET","",s,true,false,B1:H2,"","","","","",""
DPR_print,3,A,A3,"1","",n,true,false,,"","","","","",""
DPR_print,3,B,B3,"Name of the Beneficiary","Project_Report!B9",s,false,false,B3:D3,"","","","","",""
DPR_print,3,E,E3,"0","Project_Report!G9",n,false,false,E3:I3,"","","","","",""
DPR_print,6,A,A6,"2","",n,true,false,,"","","","","",""
DPR_print,6,B,B6,"Constitution (legal Status)                                         :","Project_Report!B11",s,false,false,B6:D6,"","","","","",""
DPR_print,6,E,E6,"Individual","Project_Report!G11",s,false,false,E6:I6,"","","","","",""
DPR_print,8,A,A8,"3","",n,true,false,,"","","","","",""
DPR_print,8,B,B8,"Father's/Spouce's Name","Project_Report!B14",s,false,false,B8:D8,"","","","","",""
DPR_print,8,E,E8,"0","DataSheet!B11",n,false,false,E8:I8,"","","","","",""
DPR_print,10,A,A10,"4","",n,true,false,,"","","","","",""
DPR_print,10,B,B10," Unit  Address                        :","Project_Report!B16",s,false,false,B10:D10,"","","","","",""
DPR_print,10,E,E10,"0","Project_Report!G16",n,false,false,,"","","","","",""
DPR_print,11,E,E11,"0","Project_Report!G17",n,false,false,,"","","","","",""
DPR_print,12,E,E12,"Taluk/Block:","Project_Report!G18",s,false,false,,"","","","","",""
DPR_print,12,F,F12,"0","Project_Report!H18",n,false,false,F12:H12,"","","","","",""
DPR_print,13,E,E13,"District :","Project_Report!G19",s,false,false,,"","","","","",""
DPR_print,13,F,F13,"0","Project_Report!H19",n,false,false,,"","","","","",""
DPR_print,14,E,E14,"Pin:","Project_Report!G20",s,false,false,,"","","","","",""
DPR_print,14,F,F14,"0","Project_Report!H20",n,false,false,,"","","","","",""
DPR_print,14,G,G14,"State:","Project_Report!I20",s,false,false,,"","","","","",""
DPR_print,14,H,H14,"0","DataSheet!C18",n,false,false,,"","","","","",""
DPR_print,15,E,E15,"E-Mail                  :","Project_Report!G22",s,false,false,,"","","","","",""
DPR_print,15,F,F15,"0","DataSheet!C19",n,false,false,F15:H15,"","","","","",""
DPR_print,16,E,E16,"Mobile","",s,true,false,,"","","","","",""
DPR_print,16,F,F16,"0","DataSheet!G19",n,false,false,,"","","","","",""
DPR_print,17,A,A17,"5","",n,true,false,,"","","","","",""
DPR_print,17,B,B17,"Product and By Product","",s,true,false,B17:D17,"","","","","",""
DPR_print,17,E,E17,"","DPR_FRONT!B2",s,false,false,E17:I17,"","","","","",""
DPR_print,19,A,A19,"6","",n,true,false,,"","","","","",""
DPR_print,19,B,B19,"Cost of Project","",s,true,false,,"","","","","",""
DPR_print,19,D,D19,":","",s,true,false,,"","","","","",""
DPR_print,19,E,E19,"Rs.","",s,true,false,,"","","","","",""
DPR_print,19,F,F19,"0","H119",n,false,false,,"","","","","",""
DPR_print,20,B,B20,"Name of the project / business activity proposed :","",s,true,false,B20:D21,"","","","","",""
DPR_print,20,E,E20,"0","DataSheet!B32",n,false,false,E20:I21,"","","","","",""
DPR_print,22,A,A22,"7","",n,true,false,,"","","","","",""
DPR_print,22,B,B22,"Means of Finance                             ","",s,true,false,,"","","","","",""
DPR_print,23,B,B23,"Term Loan","",s,true,false,B23:D23,"","","","","",""
DPR_print,23,E,E23,"Rs.","",s,true,false,,"","","","","",""
DPR_print,23,F,F23,"0.0","H129",n,false,false,,"","","","","",""
DPR_print,24,B,B24,"KVIC Margin Money","",s,true,false,B24:D24,"","","","","",""
DPR_print,24,E,E24,"Rs.","",s,true,false,,"","","","","",""
DPR_print,24,F,F24,"0.00","H131",n,false,false,,"","","","","",""
DPR_print,25,B,B25,"Own Capital","",s,true,false,B25:D25,"","","","","",""
DPR_print,25,E,E25,"Rs.","",s,true,false,,"","","","","",""
DPR_print,25,F,F25,"0.00","H123",n,false,false,,"","","","","",""
DPR_print,28,A,A28,"8","",n,true,false,,"","","","","",""
DPR_print,28,B,B28,"Debt Service Coverage Ratio                 ","",s,true,false,B28:C29,"","","","","",""
DPR_print,28,D,D28,":","",s,true,false,,"","","","","",""
DPR_print,31,A,A31,"9","",n,true,false,,"","","","","",""
DPR_print,31,B,B31,"Pay Back Period","",s,true,false,,"","","","","",""
DPR_print,31,D,D31,":","",s,true,false,,"","","","","",""
DPR_print,31,F,F31,"5","DataSheet!F179",n,false,false,,"","","","","",""
DPR_print,31,G,G31,"Years","",s,true,false,,"","","","","",""
DPR_print,34,A,A34,"10","",n,true,false,,"","","","","",""
DPR_print,34,B,B34,"Project Implementation Period","",s,true,false,B34:C35,"","","","","",""
DPR_print,34,D,D34,":","",s,true,false,,"","","","","",""
DPR_print,34,F,F34,"0","DataSheet!G181",n,false,false,,"","","","","",""
DPR_print,34,G,G34,"Months","",s,true,false,,"","","","","",""
DPR_print,37,A,A37,"11","",n,true,false,,"","","","","",""
DPR_print,37,B,B37,"Break Even Point","",s,true,false,B37:C37,"","","","","",""
DPR_print,37,D,D37,":","",s,true,false,,"","","","","",""
DPR_print,40,A,A40,"12","",n,true,false,,"","","","","",""
DPR_print,40,B,B40,"Employment","",s,true,false,B40:C40,"","","","","",""
DPR_print,40,D,D40,":","",s,true,false,,"","","","","",""
DPR_print,40,F,F40,"0","Project_Report!I69",n,false,false,,"","","","","",""
DPR_print,43,A,A43,"13","",n,true,false,,"","","","","",""
DPR_print,43,B,B43,"Power Requirement","",s,true,false,B43:C43,"","","","","",""
DPR_print,43,D,D43,":","",s,true,false,,"","","","","",""
DPR_print,43,F,F43,"0","DataSheet!G154",n,false,false,,"","","","","",""
DPR_print,46,A,A46,"14","",n,true,false,,"","","","","",""
DPR_print,46,B,B46,"Major Raw materials","",s,true,false,B46:C46,"","","","","",""
DPR_print,46,D,D46,":","",s,true,false,,"","","","","",""
DPR_print,46,E,E46,",,","DataSheet!B107&"",""&DataSheet!B108&"",""&DataSheet!B109",s,false,false,E46:I46,"","","","","",""
DPR_print,48,A,A48,"15","",n,true,false,,"","","","","",""
DPR_print,48,B,B48,"Estimated Annual Sales Turnover           ","",s,true,false,B48:C49,"","","","","",""
DPR_print,48,D,D48,":","",s,true,false,,"","","","","",""
DPR_print,48,E,E48,"Rs.","",s,true,false,,"","","","","",""
DPR_print,48,F,F48,"0.00","H191",n,false,false,,"","","","","",""
DPR_print,50,A,A50,"DETAILED PROJECT REPORT","",s,true,false,A50:J50,"","","","","",""
DPR_print,51,A,A51,"1","",n,true,false,,"","","","","",""
DPR_print,51,B,B51,"INTRODUCTION                :","",s,true,false,B51:J51,"","","","","",""
DPR_print,53,B,B53,"0","DataSheet!B234",n,false,false,B53:J66,"","","","","",""
DPR_print,67,A,A67,"2","",n,true,false,,"","","","","",""
DPR_print,67,B,B67,"ABOUT THE BENEFICIARY                :","",s,true,false,B67:J67,"","","","","",""
DPR_print,69,B,B69,"0","DataSheet!B251",n,false,false,B69:J80,"","","","","",""
DPR_print,81,A,A81,"3","",n,true,false,,"","","","","",""
DPR_print,81,B,B81,"COST OF PROJECT                     ","",s,true,false,B81:E81,"","","","","",""
DPR_print,82,B,B82,"A.   Fixed Capital Investment       ","",s,true,false,B82:I82,"","","","","",""
DPR_print,83,B,B83,"a.    Land                                             :","",s,true,false,B83:E83,"","","","","",""
DPR_print,83,F,F83,"0","DataSheet!F36:G36",n,false,false,F83:G83,"","","","","",""
DPR_print,83,H,H83,"Own","",s,true,false,H83:I83,"","","","","",""
DPR_print,85,B,B85,"b.    Workshed ","",s,true,false,B85:E85,"","","","","",""
DPR_print,85,F,F85,"Area Sq.ft","",s,true,false,,"","","","","",""
DPR_print,85,G,G85,"Rate in Rs.","",s,true,false,,"","","","","",""
DPR_print,85,H,H85,"Amt. In Rs.","",s,true,false,H85:I85,"","","","","",""
DPR_print,86,B,B86,"2 Floor Building","DataSheet!B41:E41",s,false,false,B86:E86,"","","","","",""
DPR_print,86,F,F86,"0","DataSheet!F41",n,false,false,,"","","","","",""
DPR_print,86,G,G86,"0.00","DataSheet!G41",n,false,false,,"","","","","",""
DPR_print,86,H,H86,"0.00","DataSheet!H41:I41",n,false,false,H86:I86,"","","","","",""
DPR_print,87,B,B87,"0","DataSheet!B42:E42",n,false,false,B87:E87,"","","","","",""
DPR_print,87,F,F87,"0","DataSheet!F42",n,false,false,,"","","","","",""
DPR_print,87,G,G87,"0.00","DataSheet!G42",n,false,false,,"","","","","",""
DPR_print,87,H,H87,"0.00","DataSheet!H42:I42",n,false,false,H87:I87,"","","","","",""
DPR_print,88,B,B88,"0","DataSheet!B43:E43",n,false,false,B88:E88,"","","","","",""
DPR_print,88,F,F88,"0","DataSheet!F43",n,false,false,,"","","","","",""
DPR_print,88,G,G88,"0.00","DataSheet!G43",n,false,false,,"","","","","",""
DPR_print,88,H,H88,"0.00","DataSheet!H43:I43",n,false,false,H88:I88,"","","","","",""
DPR_print,89,B,B89,"0","DataSheet!B44:E44",n,false,false,B89:E89,"","","","","",""
DPR_print,89,F,F89,"0","DataSheet!F44",n,false,false,,"","","","","",""
DPR_print,89,G,G89,"0.00","DataSheet!G44",n,false,false,,"","","","","",""
DPR_print,89,H,H89,"0.00","DataSheet!H44:I44",n,false,false,H89:I89,"","","","","",""
DPR_print,90,B,B90,"0","DataSheet!B45:E45",n,false,false,B90:E90,"","","","","",""
DPR_print,90,F,F90,"0","DataSheet!F45",n,false,false,,"","","","","",""
DPR_print,90,G,G90,"0.00","DataSheet!G45",n,false,false,,"","","","","",""
DPR_print,90,H,H90,"0.00","DataSheet!H45:I45",n,false,false,H90:I90,"","","","","",""
DPR_print,91,B,B91,"0","DataSheet!B46:E46",n,false,false,B91:E91,"","","","","",""
DPR_print,91,F,F91,"0","DataSheet!F46",n,false,false,,"","","","","",""
DPR_print,91,G,G91,"0.00","DataSheet!G46",n,false,false,,"","","","","",""
DPR_print,91,H,H91,"0.00","DataSheet!H46:I46",n,false,false,H91:I91,"","","","","",""
DPR_print,92,B,B92,"0","DataSheet!B47:E47",n,false,false,B92:E92,"","","","","",""
DPR_print,92,F,F92,"0","DataSheet!F47",n,false,false,,"","","","","",""
DPR_print,92,G,G92,"0.00","DataSheet!G47",n,false,false,,"","","","","",""
DPR_print,92,H,H92,"0.00","DataSheet!H47:I47",n,false,false,H92:I92,"","","","","",""
DPR_print,93,B,B93,"       Total","",s,true,false,B93:E93,"","","","","",""
DPR_print,93,H,H93,"0.00","SUM(H86:H92)",n,false,false,H93:I93,"","","","","",""
DPR_print,94,B,B94,"#REF!","#REF!",e,false,false,B94:J94,"","","","","",""
DPR_print,95,B,B95,"C.   Machinery","",s,true,false,B95:E95,"","","","","",""
DPR_print,95,F,F95,"Qty.","",s,true,false,,"","","","","",""
DPR_print,95,G,G95,"Rate","",s,true,false,,"","","","","",""
DPR_print,95,H,H95,"Amount in Rs.","",s,true,false,H95:I95,"","","","","",""
DPR_print,96,B,B96,"CNC","DataSheet!B54:E54",s,false,false,B96:E96,"","","","","",""
DPR_print,96,F,F96,"0","DataSheet!F54",n,false,false,,"","","","","",""
DPR_print,96,G,G96,"0.00","DataSheet!G54",n,false,false,,"","","","","",""
DPR_print,96,H,H96,"0.00","DataSheet!H54:I54",n,false,false,H96:I96,"","","","","",""
DPR_print,97,B,B97,"0","DataSheet!B55:E55",n,false,false,B97:E97,"","","","","",""
DPR_print,97,F,F97,"0","DataSheet!F55",n,false,false,,"","","","","",""
DPR_print,97,G,G97,"0.00","DataSheet!G55",n,false,false,,"","","","","",""
DPR_print,97,H,H97,"0.00","DataSheet!H55:I55",n,false,false,H97:I97,"","","","","",""
DPR_print,98,B,B98,"0","DataSheet!B56:E56",n,false,false,B98:E98,"","","","","",""
DPR_print,98,F,F98,"0","DataSheet!F56",n,false,false,,"","","","","",""
DPR_print,98,G,G98,"0.00","DataSheet!G56",n,false,false,,"","","","","",""
DPR_print,98,H,H98,"0.00","DataSheet!H56:I56",n,false,false,H98:I98,"","","","","",""
DPR_print,99,B,B99,"0","DataSheet!B57:E57",n,false,false,B99:E99,"","","","","",""
DPR_print,99,F,F99,"0","DataSheet!F57",n,false,false,,"","","","","",""
DPR_print,99,G,G99,"0.00","DataSheet!G57",n,false,false,,"","","","","",""
DPR_print,99,H,H99,"0.00","DataSheet!H57:I57",n,false,false,H99:I99,"","","","","",""
DPR_print,100,B,B100,"0","DataSheet!B58:E58",n,false,false,B100:E100,"","","","","",""
DPR_print,100,F,F100,"0","DataSheet!F58",n,false,false,,"","","","","",""
DPR_print,100,G,G100,"0.00","DataSheet!G58",n,false,false,,"","","","","",""
DPR_print,100,H,H100,"0.00","DataSheet!H58:I58",n,false,false,H100:I100,"","","","","",""
DPR_print,101,B,B101,"0","DataSheet!B59:E59",n,false,false,B101:E101,"","","","","",""
DPR_print,101,F,F101,"0","DataSheet!F59",n,false,false,,"","","","","",""
DPR_print,101,G,G101,"0.00","DataSheet!G59",n,false,false,,"","","","","",""
DPR_print,101,H,H101,"0.00","DataSheet!H59:I59",n,false,false,H101:I101,"","","","","",""
DPR_print,102,B,B102,"0","DataSheet!B60:E60",n,false,false,B102:E102,"","","","","",""
DPR_print,102,F,F102,"0","DataSheet!F60",n,false,false,,"","","","","",""
DPR_print,102,G,G102,"0.00","DataSheet!G60",n,false,false,,"","","","","",""
DPR_print,102,H,H102,"0.00","DataSheet!H60:I60",n,false,false,H102:I102,"","","","","",""
DPR_print,103,B,B103,"0","DataSheet!B61:E61",n,false,false,B103:E103,"","","","","",""
DPR_print,103,F,F103,"0","DataSheet!F61",n,false,false,,"","","","","",""
DPR_print,103,G,G103,"0.00","DataSheet!G61",n,false,false,,"","","","","",""
DPR_print,103,H,H103,"0.00","DataSheet!H61:I61",n,false,false,H103:I103,"","","","","",""
DPR_print,104,B,B104,"0","DataSheet!B62:E62",n,false,false,B104:E104,"","","","","",""
DPR_print,104,F,F104,"0","DataSheet!F62",n,false,false,,"","","","","",""
DPR_print,104,G,G104,"0.00","DataSheet!G62",n,false,false,,"","","","","",""
DPR_print,104,H,H104,"0.00","DataSheet!H62:I62",n,false,false,H104:I104,"","","","","",""
DPR_print,105,B,B105,"0","DataSheet!B63:E63",n,false,false,B105:E105,"","","","","",""
DPR_print,105,F,F105,"0","DataSheet!F63",n,false,false,,"","","","","",""
DPR_print,105,G,G105,"0.00","DataSheet!G63",n,false,false,,"","","","","",""
DPR_print,105,H,H105,"0.00","DataSheet!H63:I63",n,false,false,H105:I105,"","","","","",""
DPR_print,106,B,B106,"0","DataSheet!B64:E64",n,false,false,B106:E106,"","","","","",""
DPR_print,106,F,F106,"0","DataSheet!F64",n,false,false,,"","","","","",""
DPR_print,106,G,G106,"0.00","DataSheet!G64",n,false,false,,"","","","","",""
DPR_print,106,H,H106,"0.00","DataSheet!H64:I64",n,false,false,H106:I106,"","","","","",""
DPR_print,107,B,B107,"0","DataSheet!B65:E65",n,false,false,B107:E107,"","","","","",""
DPR_print,107,F,F107,"0","DataSheet!F65",n,false,false,,"","","","","",""
DPR_print,107,G,G107,"0.00","DataSheet!G65",n,false,false,,"","","","","",""
DPR_print,107,H,H107,"0.00","DataSheet!H65:I65",n,false,false,H107:I107,"","","","","",""
DPR_print,108,B,B108,"       Total","",s,true,false,B108:E108,"","","","","",""
DPR_print,108,H,H108,"0.00","DataSheet!H67:I67",n,false,false,H108:I108,"","","","","",""
DPR_print,109,B,B109,"d.  Preliminary & Pre-operative Cost :","DataSheet!B70:E70",s,false,false,B109:F109,"","","","","",""
DPR_print,109,G,G109,"Rs.","",s,true,false,,"","","","","",""
DPR_print,109,H,H109,"0.00","DataSheet!H70:I70",n,false,false,H109:I109,"","","","","",""
DPR_print,111,B,B111,"e.  Furniture & Fixtures                         :","DataSheet!B72:E72",s,false,false,B111:E111,"","","","","",""
DPR_print,111,G,G111,"Rs.","",s,true,false,,"","","","","",""
DPR_print,111,H,H111,"0.00","DataSheet!H72:I72",n,false,false,H111:I111,"","","","","",""
DPR_print,113,B,B113,"f.   Contingency/Others/Miscellaneous                                    :","DataSheet!B74:E74",s,false,false,B113:E113,"","","","","",""
DPR_print,113,G,G113,"Rs.","",s,true,false,,"","","","","",""
DPR_print,113,H,H113,"0.00","DataSheet!H74:I74",n,false,false,H113:I113,"","","","","",""
DPR_print,115,B,B115,"Total Capital Expenditure               :","",s,true,false,B115:E115,"","","","","",""
DPR_print,115,G,G115,"Rs.","",s,true,false,,"","","","","",""
DPR_print,115,H,H115,"0.00","H93+H108+H109+H111+H113",n,false,false,H115:I115,"","","","","",""
DPR_print,117,B,B117,"Working Capital                                :","DataSheet!B76:E76",s,false,false,B117:E117,"","","","","",""
DPR_print,117,G,G117,"Rs.","",s,true,false,,"","","","","",""
DPR_print,117,H,H117,"0.00","ROUND((H290),0)",n,false,false,H117:I117,"","","","","",""
DPR_print,119,B,B119,"Total Cost Project                              :","",s,true,false,B119:E119,"","","","","",""
DPR_print,119,G,G119,"Rs.","",s,true,false,,"","","","","",""
DPR_print,119,H,H119,"0.00","H93+H108+H109+H111+H113+H117",n,false,false,H119:I119,"","","","","",""
DPR_print,122,A,A122,"3.1","",n,true,false,,"","","","","",""
DPR_print,122,B,B122,"Means of Financing                        :","",s,true,false,B122:E122,"","","","","",""
DPR_print,123,B,B123,"Own Contribution","",s,true,false,B123:E123,"","","","","",""
DPR_print,123,F,F123,"5%","DataSheet!G85",n,false,false,,"","","","","",""
DPR_print,123,G,G123,"Rs.","",s,true,false,,"","","","","",""
DPR_print,123,H,H123,"0.00","ROUND((F123*H119),0)",n,false,false,H123:I123,"","","","","",""
DPR_print,125,B,B125,"Bank Finance                                      : ","",s,true,false,B125:E125,"","","","","",""
DPR_print,125,F,F125,"95%","DataSheet!G86",n,false,false,,"","","","","",""
DPR_print,126,B,B126,"Term Loan","",s,true,false,B126:E126,"","","","","",""
DPR_print,126,G,G126,"Rs.","",s,true,false,,"","","","","",""
DPR_print,126,H,H126,"0.00","ROUND((F125*H115),0)",n,false,false,H126:I126,"","","","","",""
DPR_print,127,B,B127,"Working Capital","",s,true,false,B127:E127,"","","","","",""
DPR_print,127,G,G127,"Rs.","",s,true,false,,"","","","","",""
DPR_print,127,H,H127,"0.00","ROUND((F125*H117),0)",n,false,false,H127:I127,"","","","","",""
DPR_print,129,B,B129,"     Total","",s,true,false,B129:E129,"","","","","",""
DPR_print,129,G,G129,"Rs.","",s,true,false,,"","","","","",""
DPR_print,129,H,H129,"0.00","ROUND((H126+H127),0)",n,false,false,H129:I129,"","","","","",""
DPR_print,131,B,B131,"Margin Money (Govt. Subsidy) From KVIC","",s,true,false,B131:E131,"","","","","",""
DPR_print,131,F,F131,"35%","DataSheet!G87",n,false,false,,"","","","","",""
DPR_print,131,G,G131,"Rs.","",s,true,false,,"","","","","",""
DPR_print,131,H,H131,"0.00","IF(AND(DataSheet!M83=1, DataSheet!M80=2,H119>500000),""Should not exceed Rs. 5 lakhs Project cost under under Service Industry"",IF(AND(DataSheet!M83=1, DataSheet!M80=1,H119>1000000),""Should not exceed Rs. 10 lakhs Project cost under Manufacturing Industry"",IF(AND(DataSheet!M83>1, DataSheet!M80=2,H119>2000000), ROUND(2000000*F131,0), IF(AND(DataSheet!M83>1, DataSheet!M80=1,H119>5000000), ROUND(5000000*F131,0),ROUND(H119*F131,0)))))",n,false,false,H131:I131,"","","","","",""
DPR_print,131,J,J131,"TRUE","IF(AND(DataSheet!M83>1, DataSheet!M80=2,H119>2000000),""The maximum project cost eligible for subsidy is Rs. 20 lakhs under Service Industry"", IF(AND(DataSheet!M83>1, DataSheet!M80=1,H119>5000000),""The maximum project cost eligible for subsidy is Rs. 50 Lakhs under Manufacturing Industry"", TRUE))",b,false,false,J131:K131,"","","","","",""
DPR_print,132,B,B132,"Margin Money Subsidy received From KVIC will be kept in term deposit as per norms of ","",s,true,false,B132:I132,"","","","","",""
DPR_print,133,B,B133,"PMEGP in the name of Beneficiary for three years in the financing branch.","",s,true,false,B133:I133,"","","","","",""
DPR_print,137,A,A137,"3.2","",n,true,false,,"","","","","",""
DPR_print,137,B,B137,"STATEMENT SHOWING THE REPAYMENT OF TERM LOAN  & WORKING CAPITAL :","",s,true,false,B137:I137,"","","","","",""
DPR_print,138,B,B138,"TERM LOAN","",s,true,false,B138:I138,"","","","","",""
DPR_print,140,B,B140,"Year","",s,true,false,B140:B141,"","","","","",""
DPR_print,140,C,C140,"Opening Balance","",s,true,false,C140:E141,"","","","","",""
DPR_print,140,F,F140,"Installment","",s,true,false,F140:F141,"","","","","",""
DPR_print,140,G,G140,"Closing Balance","",s,true,false,G140:H141,"","","","","",""
DPR_print,140,I,I140,"Interest @","",s,true,false,,"","","","","",""
DPR_print,141,I,I141,"0.00%","DataSheet!F173",n,false,false,,"","","","","",""
DPR_print,142,B,B142,"1st","",s,true,false,,"","","","","",""
DPR_print,142,C,C142,"0","H126",n,false,false,C142:E142,"","","","","",""
DPR_print,142,F,F142,"0","C142*F34/12*1/F31",n,false,false,,"","","","","",""
DPR_print,142,G,G142,"0","C142-F142",n,false,false,G142:H142,"","","","","",""
DPR_print,142,I,I142,"0","C142*I141",n,false,false,,"","","","","",""
DPR_print,143,B,B143,"2nd","",s,true,false,,"","","","","",""
DPR_print,143,C,C143,"0","G142",n,false,false,C143:E143,"","","","","",""
DPR_print,143,F,F143,"0","C142/F31",n,false,false,,"","","","","",""
DPR_print,143,G,G143,"0","C143-F143",n,false,false,G143:H143,"","","","","",""
DPR_print,143,I,I143,"0","C143*I141",n,false,false,,"","","","","",""
DPR_print,144,B,B144,"3rd","",s,true,false,,"","","","","",""
DPR_print,144,C,C144,"0","G143",n,false,false,C144:E144,"","","","","",""
DPR_print,144,F,F144,"0","C142/F31",n,false,false,,"","","","","",""
DPR_print,144,G,G144,"0","C144-F144",n,false,false,G144:H144,"","","","","",""
DPR_print,144,I,I144,"0","C144*I141",n,false,false,,"","","","","",""
DPR_print,145,B,B145,"4th","",s,true,false,,"","","","","",""
DPR_print,145,C,C145,"0","G144",n,false,false,C145:E145,"","","","","",""
DPR_print,145,F,F145,"0","C142/F31",n,false,false,,"","","","","",""
DPR_print,145,G,G145,"0","C145-F145",n,false,false,G145:H145,"","","","","",""
DPR_print,145,I,I145,"0","C145*I141",n,false,false,,"","","","","",""
DPR_print,146,B,B146,"5th","",s,true,false,,"","","","","",""
DPR_print,146,C,C146,"0","G145",n,false,false,C146:E146,"","","","","",""
DPR_print,146,F,F146,"0","C142/F31",n,false,false,,"","","","","",""
DPR_print,146,G,G146,"0","C146-F146",n,false,false,G146:H146,"","","","","",""
DPR_print,146,I,I146,"0","C146*I141",n,false,false,,"","","","","",""
DPR_print,147,B,B147,"6th","",s,true,false,,"","","","","",""
DPR_print,147,C,C147,"0","G146",n,false,false,C147:E147,"","","","","",""
DPR_print,147,F,F147,"0","IF(C147>0,C142/F31,0)",n,false,false,,"","","","","",""
DPR_print,147,G,G147,"0","IF(F147>C147,0,C147-F147)",n,false,false,G147:H147,"","","","","",""
DPR_print,147,I,I147,"0","C147*I141",n,false,false,,"","","","","",""
DPR_print,148,B,B148,"7th","",s,true,false,,"","","","","",""
DPR_print,148,C,C148,"0","G147",n,false,false,C148:E148,"","","","","",""
DPR_print,148,F,F148,"0","IF(C148>0,C142/F31,0)",n,false,false,,"","","","","",""
DPR_print,148,G,G148,"0","IF(F148>C148,0,C148-F148)",n,false,false,G148:H148,"","","","","",""
DPR_print,148,I,I148,"0","C148*I141",n,false,false,,"","","","","",""
DPR_print,149,B,B149,"8th","",s,true,false,,"","","","","",""
DPR_print,149,C,C149,"0","G148",n,false,false,C149:E149,"","","","","",""
DPR_print,149,F,F149,"0","IF(C149>0,C142/F31,0)",n,false,false,,"","","","","",""
DPR_print,149,G,G149,"0","IF(F149>C149,0,C149-F149)",n,false,false,G149:H149,"","","","","",""
DPR_print,149,I,I149,"0","C149*I141",n,false,false,,"","","","","",""
DPR_print,151,A,A151,"WORKING CAPITAL","",s,true,false,A151:I151,"","","","","",""
DPR_print,153,B,B153,"Year","",s,true,false,B153:B154,"","","","","",""
DPR_print,153,C,C153,"Opening Balance","",s,true,false,C153:E154,"","","","","",""
DPR_print,153,F,F153,"Installment","",s,true,false,F153:F154,"","","","","",""
DPR_print,153,G,G153,"Closing Balance","",s,true,false,G153:H154,"","","","","",""
DPR_print,153,I,I153,"Interest @","",s,true,false,,"","","","","",""
DPR_print,154,I,I154,"0.00%","DataSheet!F173",n,false,false,,"","","","","",""
DPR_print,155,B,B155,"1st","",s,true,false,,"","","","","",""
DPR_print,155,C,C155,"0","H127",n,false,false,C155:E155,"","","","","",""
DPR_print,155,F,F155,"0","C155*F34/12*1/F31",n,false,false,,"","","","","",""
DPR_print,155,G,G155,"0","C155-F155",n,false,false,G155:H155,"","","","","",""
DPR_print,155,I,I155,"0","C155*I154",n,false,false,,"","","","","",""
DPR_print,156,B,B156,"2nd","",s,true,false,,"","","","","",""
DPR_print,156,C,C156,"0","G155",n,false,false,C156:E156,"","","","","",""
DPR_print,156,F,F156,"0","C155/F31",n,false,false,,"","","","","",""
DPR_print,156,G,G156,"0","C156-F156",n,false,false,G156:H156,"","","","","",""
DPR_print,156,I,I156,"0","C156*I154",n,false,false,,"","","","","",""
DPR_print,157,B,B157,"3rd","",s,true,false,,"","","","","",""
DPR_print,157,C,C157,"0","G156",n,false,false,C157:E157,"","","","","",""
DPR_print,157,F,F157,"0","C155/F31",n,false,false,,"","","","","",""
DPR_print,157,G,G157,"0","C157-F157",n,false,false,G157:H157,"","","","","",""
DPR_print,157,I,I157,"0","C157*I154",n,false,false,,"","","","","",""
DPR_print,158,B,B158,"4th","",s,true,false,,"","","","","",""
DPR_print,158,C,C158,"0","G157",n,false,false,C158:E158,"","","","","",""
DPR_print,158,F,F158,"0","C155/F31",n,false,false,,"","","","","",""
DPR_print,158,G,G158,"0","C158-F158",n,false,false,G158:H158,"","","","","",""
DPR_print,158,I,I158,"0","C158*I154",n,false,false,,"","","","","",""
DPR_print,159,B,B159,"5th","",s,true,false,,"","","","","",""
DPR_print,159,C,C159,"0","G158",n,false,false,C159:E159,"","","","","",""
DPR_print,159,F,F159,"0","C155/F31",n,false,false,,"","","","","",""
DPR_print,159,G,G159,"0","C159-F159",n,false,false,G159:H159,"","","","","",""
DPR_print,159,I,I159,"0","C159*I154",n,false,false,,"","","","","",""
DPR_print,160,B,B160,"6th","",s,true,false,,"","","","","",""
DPR_print,160,C,C160,"0","G159",n,false,false,C160:E160,"","","","","",""
DPR_print,160,F,F160,"0","IF(C160>0,C155/F31,0)",n,false,false,,"","","","","",""
DPR_print,160,G,G160,"0","IF(F160>C160,0,C160-F160)",n,false,false,G160:H160,"","","","","",""
DPR_print,160,I,I160,"0","C160*I154",n,false,false,,"","","","","",""
DPR_print,161,B,B161,"7th","",s,true,false,,"","","","","",""
DPR_print,161,C,C161,"0","G160",n,false,false,C161:E161,"","","","","",""
DPR_print,161,F,F161,"0","IF(C161>0,C155/F31,0)",n,false,false,,"","","","","",""
DPR_print,161,G,G161,"0","IF(F161>C161,0,C161-F161)",n,false,false,G161:H161,"","","","","",""
DPR_print,161,I,I161,"0","C161*I154",n,false,false,,"","","","","",""
DPR_print,162,B,B162,"8th","",s,true,false,,"","","","","",""
DPR_print,162,C,C162,"0","G161",n,false,false,C162:E162,"","","","","",""
DPR_print,162,F,F162,"0","IF(C162>0,C155/F31,0)",n,false,false,,"","","","","",""
DPR_print,162,G,G162,"0","IF(F162>C162,0,C162-F162)",n,false,false,G162:H162,"","","","","",""
DPR_print,162,I,I162,"0","C162*I154",n,false,false,,"","","","","",""
DPR_print,163,A,A163,"3.3","",n,true,false,,"","","","","",""
DPR_print,163,B,B163,"STATEMENT SHOWING THE DEPRECIATION ON FIXED ASSETS:","",s,true,false,B163:I163,"","","","","",""
DPR_print,164,B,B164,"WORKSHED ","",s,true,false,B164:G164,"","","","","",""
DPR_print,164,H,H164,"@","",s,true,false,,"","","","","",""
DPR_print,164,I,I164,"0.00%","DataSheet!F176",n,false,false,,"","","","","",""
DPR_print,165,B,B165,"Particulars","",s,true,false,B165:D165,"","","","","",""
DPR_print,165,E,E165,"1st Year","",s,true,false,,"","","","","",""
DPR_print,165,F,F165,"2nd Year","",s,true,false,,"","","","","",""
DPR_print,165,G,G165,"3rd Year","",s,true,false,,"","","","","",""
DPR_print,165,H,H165,"4th Year","",s,true,false,,"","","","","",""
DPR_print,165,I,I165,"5th Year","",s,true,false,,"","","","","",""
DPR_print,166,B,B166,"Opening Balance","",s,true,false,B166:D166,"","","","","",""
DPR_print,166,E,E166,"0","H93",n,false,false,,"","","","","",""
DPR_print,166,F,F166,"0","E168",n,false,false,,"","","","","",""
DPR_print,166,G,G166,"0","F168",n,false,false,,"","","","","",""
DPR_print,166,H,H166,"0","G168",n,false,false,,"","","","","",""
DPR_print,166,I,I166,"0","H168",n,false,false,,"","","","","",""
DPR_print,167,B,B167,"Depreciation","",s,true,false,B167:D167,"","","","","",""
DPR_print,167,E,E167,"0","E166*I164",n,false,false,,"","","","","",""
DPR_print,167,F,F167,"0","F166*I164",n,false,false,,"","","","","",""
DPR_print,167,G,G167,"0","G166*I164",n,false,false,,"","","","","",""
DPR_print,167,H,H167,"0","H166*I164",n,false,false,,"","","","","",""
DPR_print,167,I,I167,"0","I166*I164",n,false,false,,"","","","","",""
DPR_print,168,B,B168,"Closing Balance","",s,true,false,B168:D168,"","","","","",""
DPR_print,168,E,E168,"0","E166-E167",n,false,false,,"","","","","",""
DPR_print,168,F,F168,"0","F166-F167",n,false,false,,"","","","","",""
DPR_print,168,G,G168,"0","G166-G167",n,false,false,,"","","","","",""
DPR_print,168,H,H168,"0","H166-H167",n,false,false,,"","","","","",""
DPR_print,168,I,I168,"0","I166-I167",n,false,false,,"","","","","",""
DPR_print,169,B,B169,"MACHINERY ","",s,true,false,B169:G169,"","","","","",""
DPR_print,169,H,H169,"@","",s,true,false,,"","","","","",""
DPR_print,169,I,I169,"0.00%","DataSheet!F177",n,false,false,,"","","","","",""
DPR_print,170,B,B170,"Opening Balance","",s,true,false,B170:D170,"","","","","",""
DPR_print,170,E,E170,"0","H108",n,false,false,,"","","","","",""
DPR_print,170,F,F170,"0","E172",n,false,false,,"","","","","",""
DPR_print,170,G,G170,"0","F172",n,false,false,,"","","","","",""
DPR_print,170,H,H170,"0","G172",n,false,false,,"","","","","",""
DPR_print,170,I,I170,"0","H172",n,false,false,,"","","","","",""
DPR_print,171,B,B171,"Depreciation","",s,true,false,B171:D171,"","","","","",""
DPR_print,171,E,E171,"0","E170*I169",n,false,false,,"","","","","",""
DPR_print,171,F,F171,"0","F170*I169",n,false,false,,"","","","","",""
DPR_print,171,G,G171,"0","G170*I169",n,false,false,,"","","","","",""
DPR_print,171,H,H171,"0","H170*I169",n,false,false,,"","","","","",""
DPR_print,171,I,I171,"0","I170*I169",n,false,false,,"","","","","",""
DPR_print,172,B,B172,"Closing Balance","",s,true,false,B172:D172,"","","","","",""
DPR_print,172,E,E172,"0","E170-E171",n,false,false,,"","","","","",""
DPR_print,172,F,F172,"0","F170-F171",n,false,false,,"","","","","",""
DPR_print,172,G,G172,"0","G170-G171",n,false,false,,"","","","","",""
DPR_print,172,H,H172,"0","H170-H171",n,false,false,,"","","","","",""
DPR_print,172,I,I172,"0","I170-I171",n,false,false,,"","","","","",""
DPR_print,173,B,B173,"TOTAL DEPRECIATION","",s,true,false,B173:I173,"","","","","",""
DPR_print,174,B,B174,"Workshed","",s,true,false,B174:D174,"","","","","",""
DPR_print,174,E,E174,"0","E167",n,false,false,,"","","","","",""
DPR_print,174,F,F174,"0","F167",n,false,false,,"","","","","",""
DPR_print,174,G,G174,"0","G167",n,false,false,,"","","","","",""
DPR_print,174,H,H174,"0","H167",n,false,false,,"","","","","",""
DPR_print,174,I,I174,"0","I167",n,false,false,,"","","","","",""
DPR_print,175,B,B175,"Machinery","",s,true,false,B175:D175,"","","","","",""
DPR_print,175,E,E175,"0","E171",n,false,false,,"","","","","",""
DPR_print,175,F,F175,"0","F171",n,false,false,,"","","","","",""
DPR_print,175,G,G175,"0","G171",n,false,false,,"","","","","",""
DPR_print,175,H,H175,"0","H171",n,false,false,,"","","","","",""
DPR_print,175,I,I175,"0","I171",n,false,false,,"","","","","",""
DPR_print,176,B,B176,"Total","",s,true,false,B176:D176,"","","","","",""
DPR_print,176,E,E176,"0","SUM(E174:E175)",n,false,false,,"","","","","",""
DPR_print,176,F,F176,"0","SUM(F174:F175)",n,false,false,,"","","","","",""
DPR_print,176,G,G176,"0","SUM(G174:G175)",n,false,false,,"","","","","",""
DPR_print,176,H,H176,"0","SUM(H174:H175)",n,false,false,,"","","","","",""
DPR_print,176,I,I176,"0","SUM(I174:I175)",n,false,false,,"","","","","",""
DPR_print,178,A,A178,"4","",n,true,false,,"","","","","",""
DPR_print,178,B,B178,"Schedule of Sales Realization    :","",s,true,false,B178:E178,"","","","","",""
DPR_print,179,A,A179,"4.1","",n,true,false,,"","","","","",""
DPR_print,179,B,B179,"Details of Sales","",s,true,false,B179:E179,"","","","","",""
DPR_print,180,B,B180,"Particulars of Product","",s,true,false,B180:E181,"","","","","",""
DPR_print,180,F,F180,"Rate/","",s,true,false,,"","","","","",""
DPR_print,180,G,G180,"No. of","",s,true,false,,"","","","","",""
DPR_print,180,H,H180,"Amount in Rs.","",s,true,false,H180:I181,"","","","","",""
DPR_print,181,F,F181,"Pair/Unit","",s,true,false,,"","","","","",""
DPR_print,181,G,G181,"Pair/Unit","",s,true,false,,"","","","","",""
DPR_print,182,B,B182,"0","Project_Report!G79",n,false,false,B182:E182,"","","","","",""
DPR_print,183,B,B183,"0","DataSheet!B94:E94",n,false,false,B183:E183,"","","","","",""
DPR_print,183,F,F183,"0.00","DataSheet!F94",n,false,false,,"","","","","",""
DPR_print,183,G,G183,"0","DataSheet!G94",n,false,false,,"","","","","",""
DPR_print,183,H,H183,"0.00","F183*G183",n,false,false,H183:I183,"","","","","",""
DPR_print,184,B,B184,"0","DataSheet!B95:E95",n,false,false,B184:E184,"","","","","",""
DPR_print,184,F,F184,"0.00","DataSheet!F95",n,false,false,,"","","","","",""
DPR_print,184,G,G184,"0","DataSheet!G95",n,false,false,,"","","","","",""
DPR_print,184,H,H184,"0.00","F184*G184",n,false,false,H184:I184,"","","","","",""
DPR_print,185,B,B185,"0","DataSheet!B96:E96",n,false,false,B185:E185,"","","","","",""
DPR_print,185,F,F185,"0.00","DataSheet!F96",n,false,false,,"","","","","",""
DPR_print,185,G,G185,"0","DataSheet!G96",n,false,false,,"","","","","",""
DPR_print,185,H,H185,"0.00","F185*G185",n,false,false,H185:I185,"","","","","",""
DPR_print,186,B,B186,"0","DataSheet!B97:E97",n,false,false,B186:E186,"","","","","",""
DPR_print,186,F,F186,"0.00","DataSheet!F97",n,false,false,,"","","","","",""
DPR_print,186,G,G186,"0","DataSheet!G97",n,false,false,,"","","","","",""
DPR_print,186,H,H186,"0.00","F186*G186",n,false,false,H186:I186,"","","","","",""
DPR_print,187,B,B187,"0","DataSheet!B98:E98",n,false,false,B187:E187,"","","","","",""
DPR_print,187,F,F187,"0.00","DataSheet!F98",n,false,false,,"","","","","",""
DPR_print,187,G,G187,"0","DataSheet!G98",n,false,false,,"","","","","",""
DPR_print,187,H,H187,"0.00","F187*G187",n,false,false,H187:I187,"","","","","",""
DPR_print,188,B,B188,"0","DataSheet!B99:E99",n,false,false,B188:E188,"","","","","",""
DPR_print,188,F,F188,"0.00","DataSheet!F99",n,false,false,,"","","","","",""
DPR_print,188,G,G188,"0","DataSheet!G99",n,false,false,,"","","","","",""
DPR_print,188,H,H188,"0.00","F188*G188",n,false,false,H188:I188,"","","","","",""
DPR_print,189,B,B189,"0","DataSheet!B100:E100",n,false,false,B189:E189,"","","","","",""
DPR_print,189,F,F189,"0.00","DataSheet!F100",n,false,false,,"","","","","",""
DPR_print,189,G,G189,"0","DataSheet!G100",n,false,false,,"","","","","",""
DPR_print,189,H,H189,"0.00","F189*G189",n,false,false,H189:I189,"","","","","",""
DPR_print,191,B,B191,"Total","",s,true,false,B191:E191,"","","","","",""
DPR_print,191,H,H191,"0.00","SUM(H183:H190)",n,false,false,H191:I191,"","","","","",""
DPR_print,193,A,A193,"4.2","",n,true,false,,"","","","","",""
DPR_print,193,B,B193,"Capacity Utilization of Sales","",s,true,false,B193:E193,"","","","","",""
DPR_print,194,B,B194,"Particulars","",s,true,false,B194:D194,"","","","","",""
DPR_print,194,E,E194,"1st Year","",s,true,false,,"","","","","",""
DPR_print,194,F,F194,"2nd Year","",s,true,false,,"","","","","",""
DPR_print,194,G,G194,"3rd Year","",s,true,false,,"","","","","",""
DPR_print,194,H,H194,"4th Year","",s,true,false,,"","","","","",""
DPR_print,194,I,I194,"5th Year","",s,true,false,,"","","","","",""
DPR_print,196,B,B196,"Capacity Utilization","",s,true,false,B196:D196,"","","","","",""
DPR_print,196,E,E196,"70%","",n,true,false,,"","","","","",""
DPR_print,196,F,F196,"80%","",n,true,false,,"","","","","",""
DPR_print,196,G,G196,"90%","",n,true,false,,"","","","","",""
DPR_print,196,H,H196,"90%","",n,true,false,,"","","","","",""
DPR_print,196,I,I196,"90%","",n,true,false,,"","","","","",""
DPR_print,198,B,B198,"Sales / Receipts ","",s,true,false,B198:D198,"","","","","",""
DPR_print,198,E,E198,"0","E196*H191",n,false,false,,"","","","","",""
DPR_print,198,F,F198,"0","F196*H191",n,false,false,,"","","","","",""
DPR_print,198,G,G198,"0","G196*H191",n,false,false,,"","","","","",""
DPR_print,198,H,H198,"0","H196*H191",n,false,false,,"","","","","",""
DPR_print,198,I,I198,"0","I196*H191",n,false,false,,"","","","","",""
DPR_print,200,A,A200,"5","",n,true,false,,"","","","","",""
DPR_print,200,B,B200,"Rawmaterials                    :","",s,true,false,B200:E200,"","","","","",""
DPR_print,201,B,B201,"Particulars","",s,true,false,B201:D201,"","","","","",""
DPR_print,201,E,E201,"Unit","",s,true,false,,"","","","","",""
DPR_print,201,F,F201,"Rate/unit","",s,true,false,,"","","","","",""
DPR_print,201,G,G201,"Reqd.Unit","",s,true,false,,"","","","","",""
DPR_print,201,H,H201,"Amount in Rs.","",s,true,false,H201:I201,"","","","","",""
DPR_print,202,B,B202,"0","DataSheet!B107:D107",n,false,false,B202:D202,"","","","","",""
DPR_print,202,E,E202,"0","DataSheet!E107",n,false,false,,"","","","","",""
DPR_print,202,F,F202,"0.00","DataSheet!F107",n,false,false,,"","","","","",""
DPR_print,202,G,G202,"0","DataSheet!G107",n,false,false,,"","","","","",""
DPR_print,202,H,H202,"0.00","F202*G202",n,false,false,H202:I202,"","","","","",""
DPR_print,203,B,B203,"0","DataSheet!B108:D108",n,false,false,B203:D203,"","","","","",""
DPR_print,203,E,E203,"0","DataSheet!E108",n,false,false,,"","","","","",""
DPR_print,203,F,F203,"0.00","DataSheet!F108",n,false,false,,"","","","","",""
DPR_print,203,G,G203,"0","DataSheet!G108",n,false,false,,"","","","","",""
DPR_print,203,H,H203,"0.00","F203*G203",n,false,false,H203:I203,"","","","","",""
DPR_print,204,B,B204,"0","DataSheet!B109:D109",n,false,false,B204:D204,"","","","","",""
DPR_print,204,E,E204,"0","DataSheet!E109",n,false,false,,"","","","","",""
DPR_print,204,F,F204,"0.00","DataSheet!F109",n,false,false,,"","","","","",""
DPR_print,204,G,G204,"0","DataSheet!G109",n,false,false,,"","","","","",""
DPR_print,204,H,H204,"0.00","F204*G204",n,false,false,H204:I204,"","","","","",""
DPR_print,204,J,J204," ","",s,true,false,,"","","","","",""
DPR_print,205,B,B205,"0","DataSheet!B110:D110",n,false,false,B205:D205,"","","","","",""
DPR_print,205,E,E205,"0","DataSheet!E110",n,false,false,,"","","","","",""
DPR_print,205,F,F205,"0.00","DataSheet!F110",n,false,false,,"","","","","",""
DPR_print,205,G,G205,"0","DataSheet!G110",n,false,false,,"","","","","",""
DPR_print,205,H,H205,"0.00","F205*G205",n,false,false,H205:I205,"","","","","",""
DPR_print,206,B,B206,"0","DataSheet!B111:D111",n,false,false,B206:D206,"","","","","",""
DPR_print,206,E,E206,"0","DataSheet!E111",n,false,false,,"","","","","",""
DPR_print,206,F,F206,"0.00","DataSheet!F111",n,false,false,,"","","","","",""
DPR_print,206,G,G206,"0","DataSheet!G111",n,false,false,,"","","","","",""
DPR_print,206,H,H206,"0.00","F206*G206",n,false,false,H206:I206,"","","","","",""
DPR_print,207,B,B207,"0","DataSheet!B112:D112",n,false,false,B207:D207,"","","","","",""
DPR_print,207,E,E207,"0","DataSheet!E112",n,false,false,,"","","","","",""
DPR_print,207,F,F207,"0.00","DataSheet!F112",n,false,false,,"","","","","",""
DPR_print,207,G,G207,"0","DataSheet!G112",n,false,false,,"","","","","",""
DPR_print,207,H,H207,"0.00","F207*G207",n,false,false,H207:I207,"","","","","",""
DPR_print,208,B,B208,"0","DataSheet!B113:D113",n,false,false,B208:D208,"","","","","",""
DPR_print,208,E,E208,"0","DataSheet!E113",n,false,false,,"","","","","",""
DPR_print,208,F,F208,"0.00","DataSheet!F113",n,false,false,,"","","","","",""
DPR_print,208,G,G208,"0","DataSheet!G113",n,false,false,,"","","","","",""
DPR_print,208,H,H208,"0.00","F208*G208",n,false,false,H208:I208,"","","","","",""
DPR_print,209,B,B209,"0","DataSheet!B114:D114",n,false,false,B209:D209,"","","","","",""
DPR_print,209,E,E209,"0","DataSheet!E114",n,false,false,,"","","","","",""
DPR_print,209,F,F209,"0.00","DataSheet!F114",n,false,false,,"","","","","",""
DPR_print,209,G,G209,"0","DataSheet!G114",n,false,false,,"","","","","",""
DPR_print,209,H,H209,"0.00","F209*G209",n,false,false,H209:I209,"","","","","",""
DPR_print,210,B,B210,"0","DataSheet!B115:D115",n,false,false,B210:D210,"","","","","",""
DPR_print,210,E,E210,"0","DataSheet!E115",n,false,false,,"","","","","",""
DPR_print,210,F,F210,"0.00","DataSheet!F115",n,false,false,,"","","","","",""
DPR_print,210,G,G210,"0","DataSheet!G115",n,false,false,,"","","","","",""
DPR_print,210,H,H210,"0.00","F210*G210",n,false,false,H210:I210,"","","","","",""
DPR_print,211,B,B211,"Total","",s,true,false,B211:D211,"","","","","",""
DPR_print,211,H,H211,"0.00","SUM(H202:H210)",n,false,false,H211:I211,"","","","","",""
DPR_print,212,A,A212,"5.1","",n,true,false,,"","","","","",""
DPR_print,212,B,B212,"Wages                                :","",s,true,false,B212:D212,"","","","","",""
DPR_print,213,B,B213,"Particulars","",s,true,false,B213:D214,"","","","","",""
DPR_print,213,E,E213,"No. of","",s,true,false,,"","","","","",""
DPR_print,213,F,F213,"Wages","",s,true,false,F213:G213,"","","","","",""
DPR_print,213,H,H213,"Amount in Rs.","",s,true,false,H213:I213,"","","","","",""
DPR_print,214,E,E214,"Worker","",s,true,false,,"","","","","",""
DPR_print,214,F,F214,"Per Month","",s,true,false,F214:G214,"","","","","",""
DPR_print,214,H,H214,"(Per Annum)","",s,true,false,H214:I214,"","","","","",""
DPR_print,215,B,B215,"Labor","DataSheet!B121:D121",s,false,false,B215:D215,"","","","","",""
DPR_print,215,E,E215,"0","DataSheet!E121",n,false,false,,"","","","","",""
DPR_print,215,F,F215,"0.00","DataSheet!F121:G121",n,false,false,F215:G215,"","","","","",""
DPR_print,215,H,H215,"0.00","DataSheet!H121:I121",n,false,false,H215:I215,"","","","","",""
DPR_print,216,B,B216,"0","DataSheet!B122:D122",n,false,false,B216:D216,"","","","","",""
DPR_print,216,E,E216,"0","DataSheet!E122",n,false,false,,"","","","","",""
DPR_print,216,F,F216,"0.00","DataSheet!F122:G122",n,false,false,F216:G216,"","","","","",""
DPR_print,216,H,H216,"0.00","DataSheet!H122:I122",n,false,false,H216:I216,"","","","","",""
DPR_print,217,B,B217,"0","DataSheet!B123:D123",n,false,false,B217:D217,"","","","","",""
DPR_print,217,E,E217,"0","DataSheet!E123",n,false,false,,"","","","","",""
DPR_print,217,F,F217,"0.00","DataSheet!F123:G123",n,false,false,F217:G217,"","","","","",""
DPR_print,217,H,H217,"0.00","DataSheet!H123:I123",n,false,false,H217:I217,"","","","","",""
DPR_print,218,B,B218,"0","DataSheet!B124:D124",n,false,false,B218:D218,"","","","","",""
DPR_print,218,E,E218,"0","DataSheet!E124",n,false,false,,"","","","","",""
DPR_print,218,F,F218,"0.00","DataSheet!F124:G124",n,false,false,F218:G218,"","","","","",""
DPR_print,218,H,H218,"0.00","DataSheet!H124:I124",n,false,false,H218:I218,"","","","","",""
DPR_print,219,B,B219,"0","DataSheet!B125:D125",n,false,false,B219:D219,"","","","","",""
DPR_print,219,E,E219,"0","DataSheet!E125",n,false,false,,"","","","","",""
DPR_print,219,F,F219,"0.00","DataSheet!F125:G125",n,false,false,F219:G219,"","","","","",""
DPR_print,219,H,H219,"0.00","DataSheet!H125:I125",n,false,false,H219:I219,"","","","","",""
DPR_print,220,B,B220,"0","DataSheet!B126:D126",n,false,false,B220:D220,"","","","","",""
DPR_print,220,E,E220,"0","DataSheet!E126",n,false,false,,"","","","","",""
DPR_print,220,F,F220,"0.00","DataSheet!F126:G126",n,false,false,F220:G220,"","","","","",""
DPR_print,220,H,H220,"0.00","DataSheet!H126:I126",n,false,false,H220:I220,"","","","","",""
DPR_print,221,B,B221,"0","DataSheet!B127:D127",n,false,false,B221:D221,"","","","","",""
DPR_print,221,E,E221,"0","DataSheet!E127",n,false,false,,"","","","","",""
DPR_print,221,F,F221,"0.00","DataSheet!F127:G127",n,false,false,F221:G221,"","","","","",""
DPR_print,221,H,H221,"0.00","DataSheet!H127:I127",n,false,false,H221:I221,"","","","","",""
DPR_print,222,B,B222,"Total","",s,true,false,B222:D222,"","","","","",""
DPR_print,222,E,E222,"0","SUM(E215:E221)",n,false,false,,"","","","","",""
DPR_print,222,H,H222,"0.00","SUM(H215:H221)",n,false,false,H222:I222,"","","","","",""
DPR_print,224,A,A224,"5.2","",n,true,false,,"","","","","",""
DPR_print,224,B,B224,"Repairs and Maintenance                  :","",s,true,false,B224:E224,"","","","","",""
DPR_print,224,G,G224,"Rs.","",s,true,false,,"","","","","",""
DPR_print,224,H,H224,"0.00","DataSheet!H157:I157",n,false,false,H224:I224,"","","","","",""
DPR_print,226,A,A226,"5.3","",n,true,false,,"","","","","",""
DPR_print,226,B,B226,"Power and Fuel                                 :","",s,true,false,B226:E226,"","","","","",""
DPR_print,226,G,G226,"Rs.","",s,true,false,,"","","","","",""
DPR_print,226,H,H226,"0.00","DataSheet!H159:I159",n,false,false,H226:I226,"","","","","",""
DPR_print,228,A,A228,"5.4","",n,true,false,,"","","","","",""
DPR_print,228,B,B228,"Other Overhead Expenses               :","",s,true,false,B228:E228,"","","","","",""
DPR_print,228,G,G228,"Rs.","",s,true,false,,"","","","","",""
DPR_print,228,H,H228,"0.00","DataSheet!H161:I161",n,false,false,H228:I228,"","","","","",""
DPR_print,230,A,A230,"6","",n,true,false,,"","","","","",""
DPR_print,230,B,B230,"Administrative Expenses                  :","",s,true,false,B230:E230,"","","","","",""
DPR_print,231,A,A231,"6.1","",n,true,false,,"","","","","",""
DPR_print,231,B,B231,"Salary","",s,true,false,B231:E231,"","","","","",""
DPR_print,232,B,B232,"0","DataSheet!B134:D134",n,false,false,B232:D232,"","","","","",""
DPR_print,232,E,E232,"0","DataSheet!E134",n,false,false,,"","","","","",""
DPR_print,232,F,F232,"0.00","DataSheet!F134:G134",n,false,false,F232:G232,"","","","","",""
DPR_print,232,H,H232,"0.00","DataSheet!H134:I134",n,false,false,H232:I232,"","","","","",""
DPR_print,233,B,B233,"0","DataSheet!B135:D135",n,false,false,B233:D233,"","","","","",""
DPR_print,233,E,E233,"0","DataSheet!E135",n,false,false,,"","","","","",""
DPR_print,233,F,F233,"0.00","DataSheet!F135:G135",n,false,false,F233:G233,"","","","","",""
DPR_print,233,H,H233,"0.00","DataSheet!H135:I135",n,false,false,H233:I233,"","","","","",""
DPR_print,234,B,B234,"0","DataSheet!B136:D136",n,false,false,B234:D234,"","","","","",""
DPR_print,234,E,E234,"0","DataSheet!E136",n,false,false,,"","","","","",""
DPR_print,234,F,F234,"0.00","DataSheet!F136:G136",n,false,false,F234:G234,"","","","","",""
DPR_print,234,H,H234,"0.00","DataSheet!H136:I136",n,false,false,H234:I234,"","","","","",""
DPR_print,235,E,E235,"0","DataSheet!E137",n,false,false,,"","","","","",""
DPR_print,235,F,F235,"0.00","DataSheet!F137:G137",n,false,false,F235:G235,"","","","","",""
DPR_print,235,H,H235,"0.00","DataSheet!H137:I137",n,false,false,H235:I235,"","","","","",""
DPR_print,236,E,E236,"0","DataSheet!E138",n,false,false,,"","","","","",""
DPR_print,236,F,F236,"0.00","DataSheet!F138:G138",n,false,false,F236:G236,"","","","","",""
DPR_print,236,H,H236,"0.00","DataSheet!H138:I138",n,false,false,H236:I236,"","","","","",""
DPR_print,237,B,B237,"Total","",s,true,false,B237:D237,"","","","","",""
DPR_print,237,E,E237,"0","SUM(E232:E236)",n,false,false,,"","","","","",""
DPR_print,237,H,H237,"0.00","SUM(H232:H236)",n,false,false,H237:I237,"","","","","",""
DPR_print,239,A,A239,"6.2","",n,true,false,,"","","","","",""
DPR_print,239,B,B239,"Telephone Expenses","",s,true,false,B239:E239,"","","","","",""
DPR_print,239,H,H239,"0.00","DataSheet!H163:I163",n,false,false,H239:I239,"","","","","",""
DPR_print,241,A,A241,"6.4","",n,true,false,,"","","","","",""
DPR_print,241,B,B241,"Stationery & Postage","",s,true,false,B241:E241,"","","","","",""
DPR_print,241,H,H241,"0.00","DataSheet!H165:I165",n,false,false,H241:I241,"","","","","",""
DPR_print,243,A,A243,"6.5","",n,true,false,,"","","","","",""
DPR_print,243,B,B243,"Advertisement & Publicity","",s,true,false,B243:E243,"","","","","",""
DPR_print,243,H,H243,"0.00","DataSheet!H167:I167",n,false,false,H243:I243,"","","","","",""
DPR_print,245,A,A245,"6.6","",n,true,false,,"","","","","",""
DPR_print,245,B,B245,"Workshed Rent","",s,true,false,B245:E245,"","","","","",""
DPR_print,245,H,H245,"0.00","DataSheet!H169:I169*12",n,false,false,H245:I245,"","","","","",""
DPR_print,247,A,A247,"6.7","",n,true,false,,"","","","","",""
DPR_print,247,B,B247,"Other Miscellaneous Expenses","",s,true,false,B247:E247,"","","","","",""
DPR_print,247,H,H247,"0.00","DataSheet!H171:I171",n,false,false,H247:I247,"","","","","",""
DPR_print,248,B,B248,"Total","",s,true,false,B248:E248,"","","","","",""
DPR_print,248,H,H248,"0.00","H237+H239+H241+H243+H245+H247",n,false,false,H248:I248,"","","","","",""
DPR_print,249,A,A249,"7","",n,true,false,,"","","","","",""
DPR_print,249,B,B249,"Capacity Utilization of Manufacturing & Administrative Expenses  :","",s,true,false,B249:H249,"","","","","",""
DPR_print,250,B,B250,"Particulars","",s,true,false,B250:D250,"","","","","",""
DPR_print,250,E,E250,"1st Year","",s,true,false,,"","","","","",""
DPR_print,250,F,F250,"2nd Year","",s,true,false,,"","","","","",""
DPR_print,250,G,G250,"3rd Year","",s,true,false,,"","","","","",""
DPR_print,250,H,H250,"4th Year","",s,true,false,,"","","","","",""
DPR_print,250,I,I250,"5th Year","",s,true,false,,"","","","","",""
DPR_print,251,B,B251,"Capacity Utilization ","",s,true,false,B251:D251,"","","","","",""
DPR_print,251,E,E251,"70%","",n,true,false,,"","","","","",""
DPR_print,251,F,F251,"80%","",n,true,false,,"","","","","",""
DPR_print,251,G,G251,"90%","",n,true,false,,"","","","","",""
DPR_print,251,H,H251,"90%","",n,true,false,,"","","","","",""
DPR_print,251,I,I251,"90%","",n,true,false,,"","","","","",""
DPR_print,252,B,B252,"Manufacturing Expenses","",s,true,false,B252:D252,"","","","","",""
DPR_print,253,B,B253,"  Raw materials","",s,true,false,B253:D253,"","","","","",""
DPR_print,253,E,E253,"0","E251*H211",n,false,false,,"","","","","",""
DPR_print,253,F,F253,"0","F251*H211",n,false,false,,"","","","","",""
DPR_print,253,G,G253,"0","G251*H211",n,false,false,,"","","","","",""
DPR_print,253,H,H253,"0","H251*H211",n,false,false,,"","","","","",""
DPR_print,253,I,I253,"0","I251*H211",n,false,false,,"","","","","",""
DPR_print,254,B,B254,"  Wages","",s,true,false,B254:D254,"","","","","",""
DPR_print,254,E,E254,"0","E251*H222",n,false,false,,"","","","","",""
DPR_print,254,F,F254,"0","F251*H222",n,false,false,,"","","","","",""
DPR_print,254,G,G254,"0","G251*H222",n,false,false,,"","","","","",""
DPR_print,254,H,H254,"0","H251*H222",n,false,false,,"","","","","",""
DPR_print,254,I,I254,"0","I251*H222",n,false,false,,"","","","","",""
DPR_print,255,B,B255,"  Repairs & Maintenance","",s,true,false,B255:D255,"","","","","",""
DPR_print,255,E,E255,"0","E251*H224",n,false,false,,"","","","","",""
DPR_print,255,F,F255,"0","F251*H224",n,false,false,,"","","","","",""
DPR_print,255,G,G255,"0","G251*H224",n,false,false,,"","","","","",""
DPR_print,255,H,H255,"0","H251*H224",n,false,false,,"","","","","",""
DPR_print,255,I,I255,"0","I251*H224",n,false,false,,"","","","","",""
DPR_print,256,B,B256,"  Power & Fuel","",s,true,false,B256:D256,"","","","","",""
DPR_print,256,E,E256,"0","E251*H226",n,false,false,,"","","","","",""
DPR_print,256,F,F256,"0","F251*H226",n,false,false,,"","","","","",""
DPR_print,256,G,G256,"0","G251*H226",n,false,false,,"","","","","",""
DPR_print,256,H,H256,"0","H251*H226",n,false,false,,"","","","","",""
DPR_print,256,I,I256,"0","I251*H226",n,false,false,,"","","","","",""
DPR_print,257,B,B257,"  Other Overhead Expenses","",s,true,false,B257:D257,"","","","","",""
DPR_print,257,E,E257,"0","E251*H228",n,false,false,,"","","","","",""
DPR_print,257,F,F257,"0","F251*H228",n,false,false,,"","","","","",""
DPR_print,257,G,G257,"0","G251*H228",n,false,false,,"","","","","",""
DPR_print,257,H,H257,"0","H251*H228",n,false,false,,"","","","","",""
DPR_print,257,I,I257,"0","I251*H228",n,false,false,,"","","","","",""
DPR_print,258,B,B258,"Administrative Expenses","",s,true,false,B258:I258,"","","","","",""
DPR_print,259,B,B259,"  Salary","",s,true,false,B259:D259,"","","","","",""
DPR_print,259,E,E259,"0","H237",n,false,false,,"","","","","",""
DPR_print,259,F,F259,"0","H237",n,false,false,,"","","","","",""
DPR_print,259,G,G259,"0","H237",n,false,false,,"","","","","",""
DPR_print,259,H,H259,"0","H237",n,false,false,,"","","","","",""
DPR_print,259,I,I259,"0","H237",n,false,false,,"","","","","",""
DPR_print,260,B,B260,"  Postage Telephone Expenses","",s,true,false,B260:D260,"","","","","",""
DPR_print,260,E,E260,"0","E251*H239",n,false,false,,"","","","","",""
DPR_print,260,F,F260,"0","F251*H239",n,false,false,,"","","","","",""
DPR_print,260,G,G260,"0","G251*H239",n,false,false,,"","","","","",""
DPR_print,260,H,H260,"0","H251*H239",n,false,false,,"","","","","",""
DPR_print,260,I,I260,"0","I251*H239",n,false,false,,"","","","","",""
DPR_print,261,B,B261,"  Stationery & Postage","",s,true,false,B261:D261,"","","","","",""
DPR_print,261,E,E261,"0","E251*H241",n,false,false,,"","","","","",""
DPR_print,261,F,F261,"0","F251*H241",n,false,false,,"","","","","",""
DPR_print,261,G,G261,"0","G251*H241",n,false,false,,"","","","","",""
DPR_print,261,H,H261,"0","H251*H241",n,false,false,,"","","","","",""
DPR_print,261,I,I261,"0","I251*H241",n,false,false,,"","","","","",""
DPR_print,262,B,B262,"  Advertisement & Publicity","",s,true,false,B262:D262,"","","","","",""
DPR_print,262,E,E262,"0","E251*H243",n,false,false,,"","","","","",""
DPR_print,262,F,F262,"0","F251*H243",n,false,false,,"","","","","",""
DPR_print,262,G,G262,"0","G251*H243",n,false,false,,"","","","","",""
DPR_print,262,H,H262,"0","H251*H243",n,false,false,,"","","","","",""
DPR_print,262,I,I262,"0","I251*H243",n,false,false,,"","","","","",""
DPR_print,263,B,B263,"  Workshed Rent","",s,true,false,B263:D263,"","","","","",""
DPR_print,263,E,E263,"0","H245",n,false,false,,"","","","","",""
DPR_print,263,F,F263,"0","H245",n,false,false,,"","","","","",""
DPR_print,263,G,G263,"0","H245",n,false,false,,"","","","","",""
DPR_print,263,H,H263,"0","H245",n,false,false,,"","","","","",""
DPR_print,263,I,I263,"0","H245",n,false,false,,"","","","","",""
DPR_print,264,B,B264,"  Other Miscellaneous Expenses","",s,true,false,B264:D264,"","","","","",""
DPR_print,264,E,E264,"0","E251*H247",n,false,false,,"","","","","",""
DPR_print,264,F,F264,"0","F251*H247",n,false,false,,"","","","","",""
DPR_print,264,G,G264,"0","G251*H247",n,false,false,,"","","","","",""
DPR_print,264,H,H264,"0","H251*H247",n,false,false,,"","","","","",""
DPR_print,264,I,I264,"0","I251*H247",n,false,false,,"","","","","",""
DPR_print,265,B,B265,"Total:","",s,true,false,B265:D265,"","","","","",""
DPR_print,265,E,E265,"0","SUM(E253:E264)",n,false,false,,"","","","","",""
DPR_print,265,F,F265,"0","SUM(F253:F264)",n,false,false,,"","","","","",""
DPR_print,265,G,G265,"0","SUM(G253:G264)",n,false,false,,"","","","","",""
DPR_print,265,H,H265,"0","SUM(H253:H264)",n,false,false,,"","","","","",""
DPR_print,265,I,I265,"0","SUM(I253:I264)",n,false,false,,"","","","","",""
DPR_print,266,A,A266,"8","",n,true,false,,"","","","","",""
DPR_print,266,B,B266,"Assessment of Working Capital        :","",s,true,false,B266:E266,"","","","","",""
DPR_print,267,B,B267,"Particulars","",s,true,false,B267:E267,"","","","","",""
DPR_print,267,H,H267,"Amount in Rs.","",s,true,false,H267:I267,"","","","","",""
DPR_print,268,B,B268,"Sale","",s,true,false,B268:E268,"","","","","",""
DPR_print,268,H,H268,"0.00","H191",n,false,false,H268:I268,"","","","","",""
DPR_print,270,B,B270,"Manufacturing Expenses","",s,true,false,B270:E270,"","","","","",""
DPR_print,271,B,B271,"Raw Material","",s,true,false,B271:E271,"","","","","",""
DPR_print,271,H,H271,"0.00","H211",n,false,false,H271:I271,"","","","","",""
DPR_print,272,B,B272,"Wages","",s,true,false,B272:E272,"","","","","",""
DPR_print,272,H,H272,"0.00","H222",n,false,false,H272:I272,"","","","","",""
DPR_print,273,B,B273,"Repair & Maintenance","",s,true,false,B273:E273,"","","","","",""
DPR_print,273,H,H273,"0.00","H224",n,false,false,H273:I273,"","","","","",""
DPR_print,274,B,B274,"Power & Fuel","",s,true,false,B274:E274,"","","","","",""
DPR_print,274,H,H274,"0.00","H226",n,false,false,H274:I274,"","","","","",""
DPR_print,275,B,B275,"Other Overhead Expenses","",s,true,false,B275:E275,"","","","","",""
DPR_print,275,H,H275,"0.00","H228",n,false,false,H275:I275,"","","","","",""
DPR_print,277,B,B277,"Production Cost","",s,true,false,B277:E277,"","","","","",""
DPR_print,277,H,H277,"0.00","SUM(H271:H275)",n,false,false,H277:I277,"","","","","",""
DPR_print,278,B,B278,"Administrative Cost","",s,true,false,B278:E278,"","","","","",""
DPR_print,278,H,H278,"0.00","H248",n,false,false,H278:I278,"","","","","",""
DPR_print,279,B,B279,"Manufacturing Cost","",s,true,false,B279:E279,"","","","","",""
DPR_print,279,H,H279,"0.00","H277+H278",n,false,false,H279:I279,"","","","","",""
DPR_print,280,B,B280,"Working Capital Estimate              :","",s,true,false,B280:E280,"","","","","",""
DPR_print,281,B,B281,"Element of Working Capital","",s,true,false,B281:D281,"","","","","",""
DPR_print,281,E,E281,"No of Days","",s,true,false,,"","","","","",""
DPR_print,281,F,F281,"Basis","",s,true,false,F281:G281,"","","","","",""
DPR_print,281,H,H281,"Amount in Rs.","",s,true,false,H281:I281,"","","","","",""
DPR_print,282,B,B282,"0","DataSheet!B144:D144",n,false,false,B282:D282,"","","","","",""
DPR_print,282,E,E282,"0","DataSheet!G144",n,false,false,,"","","","","",""
DPR_print,282,F,F282,"Material Cost","",s,true,false,F282:G282,"","","","","",""
DPR_print,282,H,H282,"0.00","ROUND(((H271/300)*E282),0)",n,false,false,H282:I282,"","","","","",""
DPR_print,284,B,B284,"Stock in process","DataSheet!B146:D146",s,false,false,B284:D284,"","","","","",""
DPR_print,284,E,E284,"0","DataSheet!G146",n,false,false,,"","","","","",""
DPR_print,284,F,F284,"Production Cost","",s,true,false,F284:G284,"","","","","",""
DPR_print,284,H,H284,"0.00","ROUND(((H277/300)*E284),0)",n,false,false,H284:I284,"","","","","",""
DPR_print,286,B,B286,"Finished goods","DataSheet!B148:D148",s,false,false,B286:D286,"","","","","",""
DPR_print,286,E,E286,"0","DataSheet!G148",n,false,false,,"","","","","",""
DPR_print,286,F,F286,"Manufacturing Cost","",s,true,false,F286:G286,"","","","","",""
DPR_print,286,H,H286,"0.00","ROUND(((H279/300)*E286),0)",n,false,false,H286:I286,"","","","","",""
DPR_print,288,B,B288,"Receivable by","DataSheet!B150:D150",s,false,false,B288:D288,"","","","","",""
DPR_print,288,E,E288,"0","DataSheet!G150",n,false,false,,"","","","","",""
DPR_print,288,F,F288,"Manufacturing Cost","",s,true,false,F288:G288,"","","","","",""
DPR_print,288,H,H288,"0.00","ROUND(((H279/300)*E288),0)",n,false,false,H288:I288,"","","","","",""
DPR_print,290,B,B290,"Total Working Capital Requirement","",s,true,false,B290:E290,"","","","","",""
DPR_print,290,F,F290,"Per Cycle","",s,true,false,F290:G290,"","","","","",""
DPR_print,290,H,H290,"0.00","H282+H284+H286+H288",n,false,false,H290:I290,"","","","","",""
DPR_print,291,A,A291,"9","",n,true,false,,"","","","","",""
DPR_print,291,B,B291,"Financial Analysis                             ","",s,true,false,B291:E291,"","","","","",""
DPR_print,292,A,A292,"9.1","",n,true,false,,"","","","","",""
DPR_print,292,B,B292,"Projected Profit & Loss Account   :","",s,true,false,B292:E292,"","","","","",""
DPR_print,293,B,B293,"Particulars","",s,true,false,B293:D293,"","","","","",""
DPR_print,293,E,E293,"0 Year","",s,true,false,,"","","","","",""
DPR_print,293,F,F293,"1st Year","",s,true,false,,"","","","","",""
DPR_print,293,G,G293,"2nd Year","",s,true,false,,"","","","","",""
DPR_print,293,H,H293,"3rd Year","",s,true,false,,"","","","","",""
DPR_print,293,I,I293,"4th Year","",s,true,false,,"","","","","",""
DPR_print,294,B,B294,"Sales / Receipts ","B198",s,false,false,B294:D294,"","","","","",""
DPR_print,294,F,F294,"0","E198",n,false,false,,"","","","","",""
DPR_print,294,G,G294,"0","F198",n,false,false,,"","","","","",""
DPR_print,294,H,H294,"0","G198",n,false,false,,"","","","","",""
DPR_print,294,I,I294,"0","H198",n,false,false,,"","","","","",""
DPR_print,295,F,F295,"0","F294",n,false,false,,"","","","","",""
DPR_print,295,G,G295,"0","G294",n,false,false,,"","","","","",""
DPR_print,295,H,H295,"0","H294",n,false,false,,"","","","","",""
DPR_print,295,I,I295,"0","I294",n,false,false,,"","","","","",""
DPR_print,296,B,B296,"Manufacturing Expenses","B252",s,false,false,B296:I296,"","","","","",""
DPR_print,297,B,B297,"  Raw materials","B253",s,false,false,B297:D297,"","","","","",""
DPR_print,297,F,F297,"0","E253",n,false,false,,"","","","","",""
DPR_print,297,G,G297,"0","F253",n,false,false,,"","","","","",""
DPR_print,297,H,H297,"0","G253",n,false,false,,"","","","","",""
DPR_print,297,I,I297,"0","H253",n,false,false,,"","","","","",""
DPR_print,298,B,B298,"  Wages","B254",s,false,false,B298:D298,"","","","","",""
DPR_print,298,F,F298,"0","E254",n,false,false,,"","","","","",""
DPR_print,298,G,G298,"0","F254",n,false,false,,"","","","","",""
DPR_print,298,H,H298,"0","G254",n,false,false,,"","","","","",""
DPR_print,298,I,I298,"0","H254",n,false,false,,"","","","","",""
DPR_print,299,B,B299,"  Repairs & Maintenance","B255",s,false,false,B299:D299,"","","","","",""
DPR_print,299,F,F299,"0","E255",n,false,false,,"","","","","",""
DPR_print,299,G,G299,"0","F255",n,false,false,,"","","","","",""
DPR_print,299,H,H299,"0","G255",n,false,false,,"","","","","",""
DPR_print,299,I,I299,"0","H255",n,false,false,,"","","","","",""
DPR_print,300,B,B300,"  Power & Fuel","B256",s,false,false,B300:D300,"","","","","",""
DPR_print,300,F,F300,"0","E256",n,false,false,,"","","","","",""
DPR_print,300,G,G300,"0","F256",n,false,false,,"","","","","",""
DPR_print,300,H,H300,"0","G256",n,false,false,,"","","","","",""
DPR_print,300,I,I300,"0","H256",n,false,false,,"","","","","",""
DPR_print,301,B,B301,"  Other Overhead Expenses","B257",s,false,false,B301:D301,"","","","","",""
DPR_print,301,F,F301,"0","E257",n,false,false,,"","","","","",""
DPR_print,301,G,G301,"0","F257",n,false,false,,"","","","","",""
DPR_print,301,H,H301,"0","G257",n,false,false,,"","","","","",""
DPR_print,301,I,I301,"0","H257",n,false,false,,"","","","","",""
DPR_print,302,B,B302,"  Depreciation","",s,true,false,B302:D302,"","","","","",""
DPR_print,302,F,F302,"0","E176",n,false,false,,"","","","","",""
DPR_print,302,G,G302,"0","F176",n,false,false,,"","","","","",""
DPR_print,302,H,H302,"0","G176",n,false,false,,"","","","","",""
DPR_print,302,I,I302,"0","H176",n,false,false,,"","","","","",""
DPR_print,303,B,B303,"Production Cost","",s,true,false,B303:D303,"","","","","",""
DPR_print,303,F,F303,"0","SUM(F297:F302)",n,false,false,,"","","","","",""
DPR_print,303,G,G303,"0","SUM(G297:G302)",n,false,false,,"","","","","",""
DPR_print,303,H,H303,"0","SUM(H297:H302)",n,false,false,,"","","","","",""
DPR_print,303,I,I303,"0","SUM(I297:I302)",n,false,false,,"","","","","",""
DPR_print,304,B,B304,"Administrative Expenses","B258",s,false,false,B304:D304,"","","","","",""
DPR_print,305,B,B305,"  Salary","B259",s,false,false,B305:D305,"","","","","",""
DPR_print,305,F,F305,"0","E259",n,false,false,,"","","","","",""
DPR_print,305,G,G305,"0","ROUND(((5%*F305)+F305),0)",n,false,false,,"","","","","",""
DPR_print,305,H,H305,"0","ROUND(((5%*G305)+G305),0)",n,false,false,,"","","","","",""
DPR_print,305,I,I305,"0","ROUND(((5%*H305)+H305),0)",n,false,false,,"","","","","",""
DPR_print,306,B,B306,"  Postage Telephone Expenses","B260",s,false,false,B306:D306,"","","","","",""
DPR_print,306,F,F306,"0","E260",n,false,false,,"","","","","",""
DPR_print,306,G,G306,"0","F260",n,false,false,,"","","","","",""
DPR_print,306,H,H306,"0","G260",n,false,false,,"","","","","",""
DPR_print,306,I,I306,"0","H260",n,false,false,,"","","","","",""
DPR_print,307,B,B307,"  Stationery & Postage","B261",s,false,false,B307:D307,"","","","","",""
DPR_print,307,F,F307,"0","E261",n,false,false,,"","","","","",""
DPR_print,307,G,G307,"0","F261",n,false,false,,"","","","","",""
DPR_print,307,H,H307,"0","G261",n,false,false,,"","","","","",""
DPR_print,307,I,I307,"0","H261",n,false,false,,"","","","","",""
DPR_print,308,B,B308,"  Advertisement & Publicity","B262",s,false,false,B308:D308,"","","","","",""
DPR_print,308,F,F308,"0","E262",n,false,false,,"","","","","",""
DPR_print,308,G,G308,"0","F262",n,false,false,,"","","","","",""
DPR_print,308,H,H308,"0","G262",n,false,false,,"","","","","",""
DPR_print,308,I,I308,"0","H262",n,false,false,,"","","","","",""
DPR_print,309,B,B309,"  Workshed Rent","B263",s,false,false,B309:D309,"","","","","",""
DPR_print,309,F,F309,"0","E263",n,false,false,,"","","","","",""
DPR_print,309,G,G309,"0","F263",n,false,false,,"","","","","",""
DPR_print,309,H,H309,"0","G263",n,false,false,,"","","","","",""
DPR_print,309,I,I309,"0","H263",n,false,false,,"","","","","",""
DPR_print,310,B,B310,"  Other Miscellaneous Expenses","B264",s,false,false,B310:D310,"","","","","",""
DPR_print,310,F,F310,"0","E264",n,false,false,,"","","","","",""
DPR_print,310,G,G310,"0","F264",n,false,false,,"","","","","",""
DPR_print,310,H,H310,"0","G264",n,false,false,,"","","","","",""
DPR_print,310,I,I310,"0","H264",n,false,false,,"","","","","",""
DPR_print,311,B,B311,"Administrative Cost","",s,true,false,B311:D311,"","","","","",""
DPR_print,311,F,F311,"0","SUM(F305:F310)",n,false,false,,"","","","","",""
DPR_print,311,G,G311,"0","SUM(G305:G310)",n,false,false,,"","","","","",""
DPR_print,311,H,H311,"0","SUM(H305:H310)",n,false,false,,"","","","","",""
DPR_print,311,I,I311,"0","SUM(I305:I310)",n,false,false,,"","","","","",""
DPR_print,312,B,B312,"Interest on Bank credit @ 0%","CONCATENATE(""Interest on Bank credit @ "",DataSheet!F173*100,""%"")",s,false,false,B312:D312,"","","","","",""
DPR_print,313,B,B313,"Term Loan","",s,true,false,B313:D313,"","","","","",""
DPR_print,313,F,F313,"0","I142",n,false,false,,"","","","","",""
DPR_print,313,G,G313,"0","I143",n,false,false,,"","","","","",""
DPR_print,313,H,H313,"0","I144",n,false,false,,"","","","","",""
DPR_print,313,I,I313,"0","I145",n,false,false,,"","","","","",""
DPR_print,314,B,B314,"Working Capital Loan","",s,true,false,B314:D314,"","","","","",""
DPR_print,314,F,F314,"0","I155",n,false,false,,"","","","","",""
DPR_print,314,G,G314,"0","I156",n,false,false,,"","","","","",""
DPR_print,314,H,H314,"0","I157",n,false,false,,"","","","","",""
DPR_print,314,I,I314,"0","I158",n,false,false,,"","","","","",""
DPR_print,315,B,B315,"Cost of Sale","",s,true,false,B315:D315,"","","","","",""
DPR_print,315,F,F315,"0","F303+F311+F313+F314",n,false,false,,"","","","","",""
DPR_print,315,G,G315,"0","G303+G311+G313+G314",n,false,false,,"","","","","",""
DPR_print,315,H,H315,"0","H303+H311+H313+H314",n,false,false,,"","","","","",""
DPR_print,315,I,I315,"0","I303+I311+I313+I314",n,false,false,,"","","","","",""
DPR_print,316,B,B316,"Net Profit Before Tax","",s,true,false,B316:D316,"","","","","",""
DPR_print,316,F,F316,"0","F295-F315",n,false,false,,"","","","","",""
DPR_print,316,G,G316,"0","G295-G315",n,false,false,,"","","","","",""
DPR_print,316,H,H316,"0","H295-H315",n,false,false,,"","","","","",""
DPR_print,316,I,I316,"0","I295-I315",n,false,false,,"","","","","",""
DPR_print,317,B,B317,"Less Tax","",s,true,false,B317:D317,"","","","","",""
DPR_print,317,F,F317,"0.00","",n,true,false,,"","","","","",""
DPR_print,317,G,G317,"0.00","",n,true,false,,"","","","","",""
DPR_print,317,H,H317,"0.00","",n,true,false,,"","","","","",""
DPR_print,317,I,I317,"0.00","",n,true,false,,"","","","","",""
DPR_print,318,B,B318,"Net Profit","",s,true,false,B318:D318,"","","","","",""
DPR_print,318,F,F318,"0","F316-F317",n,false,false,,"","","","","",""
DPR_print,318,G,G318,"0","G316-G317",n,false,false,,"","","","","",""
DPR_print,318,H,H318,"0","H316-H317",n,false,false,,"","","","","",""
DPR_print,318,I,I318,"0","I316-I317",n,false,false,,"","","","","",""
DPR_print,320,A,A320,"9.2","",n,true,false,,"","","","","",""
DPR_print,320,B,B320,"CALCULATION OF DEBT SERVICE CREDIT RATIO (D.S.C.R)  :","",s,true,false,B320:I320,"","","","","",""
DPR_print,321,B,B321,"Particulars","",s,true,false,B321:D321,"","","","","",""
DPR_print,321,E,E321,"0 Year","",s,true,false,,"","","","","",""
DPR_print,321,F,F321,"1st Year","",s,true,false,,"","","","","",""
DPR_print,321,G,G321,"2nd Year","",s,true,false,,"","","","","",""
DPR_print,321,H,H321,"3rd Year","",s,true,false,,"","","","","",""
DPR_print,321,I,I321,"4th Year","",s,true,false,,"","","","","",""
DPR_print,322,B,B322,"Net Profit","",s,true,false,B322:D322,"","","","","",""
DPR_print,322,F,F322,"0","F318",n,false,false,,"","","","","",""
DPR_print,322,G,G322,"0","G318",n,false,false,,"","","","","",""
DPR_print,322,H,H322,"0","H318",n,false,false,,"","","","","",""
DPR_print,322,I,I322,"0","I318",n,false,false,,"","","","","",""
DPR_print,323,B,B323,"Add :","",s,true,false,B323:D323,"","","","","",""
DPR_print,324,B,B324,"Depreciation","",s,true,false,B324:D324,"","","","","",""
DPR_print,324,F,F324,"0","F302",n,false,false,,"","","","","",""
DPR_print,324,G,G324,"0","G302",n,false,false,,"","","","","",""
DPR_print,324,H,H324,"0","H302",n,false,false,,"","","","","",""
DPR_print,324,I,I324,"0","I302",n,false,false,,"","","","","",""
DPR_print,325,B,B325,"TOTAL - A","",s,true,false,B325:D325,"","","","","",""
DPR_print,325,F,F325,"0","SUM(F322:F324)",n,false,false,,"","","","","",""
DPR_print,325,G,G325,"0","SUM(G322:G324)",n,false,false,,"","","","","",""
DPR_print,325,H,H325,"0","SUM(H322:H324)",n,false,false,,"","","","","",""
DPR_print,325,I,I325,"0","SUM(I322:I324)",n,false,false,,"","","","","",""
DPR_print,326,B,B326,"Payments  :","",s,true,false,B326:D326,"","","","","",""
DPR_print,327,B,B327,"On Term Loan  :","",s,true,false,B327:D327,"","","","","",""
DPR_print,328,B,B328,"Interest","",s,true,false,B328:D328,"","","","","",""
DPR_print,328,F,F328,"0","F313",n,false,false,,"","","","","",""
DPR_print,328,G,G328,"0","G313",n,false,false,,"","","","","",""
DPR_print,328,H,H328,"0","H313",n,false,false,,"","","","","",""
DPR_print,328,I,I328,"0","I313",n,false,false,,"","","","","",""
DPR_print,329,B,B329,"Installment","",s,true,false,B329:D329,"","","","","",""
DPR_print,329,F,F329,"0","F142",n,false,false,,"","","","","",""
DPR_print,329,G,G329,"0","F143",n,false,false,,"","","","","",""
DPR_print,329,H,H329,"0","F144",n,false,false,,"","","","","",""
DPR_print,329,I,I329,"0","F145",n,false,false,,"","","","","",""
DPR_print,330,B,B330,"On Working Capital","",s,true,false,B330:D330,"","","","","",""
DPR_print,331,B,B331,"Interest","",s,true,false,B331:D331,"","","","","",""
DPR_print,331,F,F331,"0","F314",n,false,false,,"","","","","",""
DPR_print,331,G,G331,"0","G314",n,false,false,,"","","","","",""
DPR_print,331,H,H331,"0","H314",n,false,false,,"","","","","",""
DPR_print,331,I,I331,"0","I314",n,false,false,,"","","","","",""
DPR_print,332,B,B332,"TOTAL  - B","",s,true,false,B332:D332,"","","","","",""
DPR_print,332,F,F332,"0","SUM(F328:F331)",n,false,false,,"","","","","",""
DPR_print,332,G,G332,"0","SUM(G328:G331)",n,false,false,,"","","","","",""
DPR_print,332,H,H332,"0","SUM(H328:H331)",n,false,false,,"","","","","",""
DPR_print,332,I,I332,"0","SUM(I328:I331)",n,false,false,,"","","","","",""
DPR_print,333,B,B333,"D.S.C.R  = A/B               ","",s,true,false,B333:D333,"","","","","",""
DPR_print,333,F,F333,"#DIV/0!","F325/F332",e,false,false,F333:F334,"","","","","",""
DPR_print,333,G,G333,"#DIV/0!","G325/G332",e,false,false,G333:G334,"","","","","",""
DPR_print,333,H,H333,"#DIV/0!","H325/H332",e,false,false,H333:H334,"","","","","",""
DPR_print,333,I,I333,"#DIV/0!","I325/I332",e,false,false,I333:I334,"","","","","",""
DPR_print,334,B,B334,"Average D.S.C.R","",s,true,false,B334:D334,"","","","","",""
DPR_print,336,A,A336,"9.3","",n,true,false,,"","","","","",""
DPR_print,336,B,B336,"PROJECTED BALANCE SHEET    :","",s,true,false,B336:J336,"","","","","",""
DPR_print,337,B,B337,"Particulars","",s,true,false,B337:D337,"","","","","",""
DPR_print,337,E,E337,"0 Year","",s,true,false,,"","","","","",""
DPR_print,337,F,F337,"1st Year","",s,true,false,,"","","","","",""
DPR_print,337,G,G337,"2nd Year","",s,true,false,,"","","","","",""
DPR_print,337,H,H337,"3rd Year","",s,true,false,,"","","","","",""
DPR_print,337,I,I337,"4th Year","",s,true,false,,"","","","","",""
DPR_print,338,B,B338,"LIABILITIES  :","",s,true,false,B338:D338,"","","","","",""
DPR_print,339,B,B339,"Beneficiary's Capital","",s,true,false,B339:D339,"","","","","",""
DPR_print,339,F,F339,"0","H123",n,false,false,,"","","","","",""
DPR_print,339,G,G339,"0","H123",n,false,false,,"","","","","",""
DPR_print,339,H,H339,"0","H123",n,false,false,,"","","","","",""
DPR_print,339,I,I339,"0","H123",n,false,false,,"","","","","",""
DPR_print,340,B,B340,"Profit","",s,true,false,B340:D340,"","","","","",""
DPR_print,340,F,F340,"0","F318",n,false,false,,"","","","","",""
DPR_print,340,G,G340,"0","G318",n,false,false,,"","","","","",""
DPR_print,340,H,H340,"0","H318",n,false,false,,"","","","","",""
DPR_print,340,I,I340,"0","I318",n,false,false,,"","","","","",""
DPR_print,341,B,B341,"Term Loan","",s,true,false,B341:D341,"","","","","",""
DPR_print,341,F,F341,"0","C142",n,false,false,,"","","","","",""
DPR_print,341,G,G341,"0","C143",n,false,false,,"","","","","",""
DPR_print,341,H,H341,"0","C144",n,false,false,,"","","","","",""
DPR_print,341,I,I341,"0","C145",n,false,false,,"","","","","",""
DPR_print,342,B,B342,"Working Capital Loan","",s,true,false,B342:D342,"","","","","",""
DPR_print,342,F,F342,"0","C155",n,false,false,,"","","","","",""
DPR_print,342,G,G342,"0","C156",n,false,false,,"","","","","",""
DPR_print,342,H,H342,"0","C157",n,false,false,,"","","","","",""
DPR_print,342,I,I342,"0","C158",n,false,false,,"","","","","",""
DPR_print,343,B,B343,"Current Liabilities","",s,true,false,B343:D343,"","","","","",""
DPR_print,343,F,F343,"0","",n,true,false,,"","","","","",""
DPR_print,343,G,G343,"0","",n,true,false,,"","","","","",""
DPR_print,343,H,H343,"0","",n,true,false,,"","","","","",""
DPR_print,343,I,I343,"0","",n,true,false,,"","","","","",""
DPR_print,344,B,B344,"Sundry Creditors","",s,true,false,B344:D344,"","","","","",""
DPR_print,344,F,F344,"0","",n,true,false,,"","","","","",""
DPR_print,344,G,G344,"0","",n,true,false,,"","","","","",""
DPR_print,344,H,H344,"0","",n,true,false,,"","","","","",""
DPR_print,344,I,I344,"0","",n,true,false,,"","","","","",""
DPR_print,345,F,F345,"0","SUM(F339:F344)",n,false,false,,"","","","","",""
DPR_print,345,G,G345,"0","SUM(G339:G344)",n,false,false,,"","","","","",""
DPR_print,345,H,H345,"0","SUM(H339:H344)",n,false,false,,"","","","","",""
DPR_print,345,I,I345,"0","SUM(I339:I344)",n,false,false,,"","","","","",""
DPR_print,346,B,B346,"ASSETS  :","",s,true,false,B346:D346,"","","","","",""
DPR_print,347,B,B347,"Gross Fixed Assets  : ","",s,true,false,B347:D347,"","","","","",""
DPR_print,347,F,F347,"0","H93+H108+H111",n,false,false,,"","","","","",""
DPR_print,347,G,G347,"0","F347-F348",n,false,false,,"","","","","",""
DPR_print,347,H,H347,"0","G347-G348",n,false,false,,"","","","","",""
DPR_print,347,I,I347,"0","H347-H348",n,false,false,,"","","","","",""
DPR_print,348,B,B348,"Less : Depreciation","",s,true,false,B348:D348,"","","","","",""
DPR_print,348,F,F348,"0","E176",n,false,false,,"","","","","",""
DPR_print,348,G,G348,"0","F176",n,false,false,,"","","","","",""
DPR_print,348,H,H348,"0","G176",n,false,false,,"","","","","",""
DPR_print,348,I,I348,"0","H176",n,false,false,,"","","","","",""
DPR_print,349,B,B349,"Net Fixed Assets","",s,true,false,B349:D349,"","","","","",""
DPR_print,349,F,F349,"0","F347-F348",n,false,false,,"","","","","",""
DPR_print,349,G,G349,"0","G347-G348",n,false,false,,"","","","","",""
DPR_print,349,H,H349,"0","H347-H348",n,false,false,,"","","","","",""
DPR_print,349,I,I349,"0","I347-I348",n,false,false,,"","","","","",""
DPR_print,350,B,B350,"Preliminary & Pre-Op. Expenses","",s,true,false,B350:D350,"","","","","",""
DPR_print,350,F,F350,"0","H109",n,false,false,,"","","","","",""
DPR_print,350,G,G350,"0","F350*75%",n,false,false,,"","","","","",""
DPR_print,350,H,H350,"0","G350*75%",n,false,false,,"","","","","",""
DPR_print,350,I,I350,"0","H350*75%",n,false,false,,"","","","","",""
DPR_print,351,B,B351,"Current Assets","",s,true,false,B351:D351,"","","","","",""
DPR_print,351,F,F351,"0","C155",n,false,false,,"","","","","",""
DPR_print,351,G,G351,"0","C156",n,false,false,,"","","","","",""
DPR_print,351,H,H351,"0","C157",n,false,false,,"","","","","",""
DPR_print,351,I,I351,"0","C158",n,false,false,,"","","","","",""
DPR_print,352,B,B352,"Cash in Bank/Hand","",s,true,false,B352:D352,"","","","","",""
DPR_print,352,F,F352,"0","((F345)-(F349+F351))",n,false,false,,"","","","","",""
DPR_print,352,G,G352,"0","((G345)-(G349+G351))",n,false,false,,"","","","","",""
DPR_print,352,H,H352,"0","((H345)-(H349+H351))",n,false,false,,"","","","","",""
DPR_print,352,I,I352,"0","((I345)-(I349+I351))",n,false,false,,"","","","","",""
DPR_print,353,B,B353,"Total","",s,true,false,B353:D353,"","","","","",""
DPR_print,353,F,F353,"0","F349+F351+F352",n,false,false,,"","","","","",""
DPR_print,353,G,G353,"0","G349+G351+G352",n,false,false,,"","","","","",""
DPR_print,353,H,H353,"0","H349+H351+H352",n,false,false,,"","","","","",""
DPR_print,353,I,I353,"0","I349+I351+I352",n,false,false,,"","","","","",""
DPR_print,355,A,A355,"9.4","",n,true,false,,"","","","","",""
DPR_print,355,B,B355,"CASH FLOW STATEMENT       :","",s,true,false,B355:J355,"","","","","",""
DPR_print,356,B,B356,"Particulars","",s,true,false,B356:D356,"","","","","",""
DPR_print,356,E,E356,"0 Year","",s,true,false,,"","","","","",""
DPR_print,356,F,F356,"1st Year","",s,true,false,,"","","","","",""
DPR_print,356,G,G356,"2nd Year","",s,true,false,,"","","","","",""
DPR_print,356,H,H356,"3rd Year","",s,true,false,,"","","","","",""
DPR_print,356,I,I356,"4th Year","",s,true,false,,"","","","","",""
DPR_print,357,B,B357,"Net Profit","",s,true,false,B357:D357,"","","","","",""
DPR_print,357,F,F357,"0","F318",n,false,false,,"","","","","",""
DPR_print,357,G,G357,"0","G318",n,false,false,,"","","","","",""
DPR_print,357,H,H357,"0","H318",n,false,false,,"","","","","",""
DPR_print,357,I,I357,"0","I318",n,false,false,,"","","","","",""
DPR_print,358,B,B358,"Add : Depreciation","",s,true,false,B358:D358,"","","","","",""
DPR_print,358,F,F358,"0","E176",n,false,false,,"","","","","",""
DPR_print,358,G,G358,"0","F176",n,false,false,,"","","","","",""
DPR_print,358,H,H358,"0","G176",n,false,false,,"","","","","",""
DPR_print,358,I,I358,"0","H176",n,false,false,,"","","","","",""
DPR_print,359,B,B359,"Term Loan ","",s,true,false,B359:D359,"","","","","",""
DPR_print,359,F,F359,"0","C142",n,false,false,,"","","","","",""
DPR_print,359,G,G359,"0","C143",n,false,false,,"","","","","",""
DPR_print,359,H,H359,"0","C144",n,false,false,,"","","","","",""
DPR_print,359,I,I359,"0","C145",n,false,false,,"","","","","",""
DPR_print,360,B,B360,"Working Capital Loan ","",s,true,false,B360:D360,"","","","","",""
DPR_print,360,F,F360,"0","C155",n,false,false,,"","","","","",""
DPR_print,360,G,G360,"0","C156",n,false,false,,"","","","","",""
DPR_print,360,H,H360,"0","C157",n,false,false,,"","","","","",""
DPR_print,360,I,I360,"0","C158",n,false,false,,"","","","","",""
DPR_print,361,B,B361,"Beneficiary's Capital","",s,true,false,B361:D361,"","","","","",""
DPR_print,361,F,F361,"0","H123",n,false,false,,"","","","","",""
DPR_print,361,G,G361,"0","I123",n,false,false,,"","","","","",""
DPR_print,361,H,H361,"0","J123",n,false,false,,"","","","","",""
DPR_print,361,I,I361,"0","K123",n,false,false,,"","","","","",""
DPR_print,362,B,B362,"Total","",s,true,false,B362:D362,"","","","","",""
DPR_print,362,F,F362,"0","SUM(F357:F361)",n,false,false,,"","","","","",""
DPR_print,362,G,G362,"0","SUM(G357:G361)",n,false,false,,"","","","","",""
DPR_print,362,H,H362,"0","SUM(H357:H361)",n,false,false,,"","","","","",""
DPR_print,362,I,I362,"0","SUM(I357:I361)",n,false,false,,"","","","","",""
DPR_print,364,B,B364,"Total Fixed Capital Invested","",s,true,false,B364:D364,"","","","","",""
DPR_print,364,F,F364,"0","H115",n,false,false,,"","","","","",""
DPR_print,366,B,B366,"Repayment of Term Loan","",s,true,false,B366:D366,"","","","","",""
DPR_print,366,F,F366,"0","F142",n,false,false,,"","","","","",""
DPR_print,366,G,G366,"0","F143",n,false,false,,"","","","","",""
DPR_print,366,H,H366,"0","F144",n,false,false,,"","","","","",""
DPR_print,366,I,I366,"0","F145",n,false,false,,"","","","","",""
DPR_print,367,B,B367,"Repayment of WC Loan","",s,true,false,B367:D367,"","","","","",""
DPR_print,367,F,F367,"0","F155",n,false,false,,"","","","","",""
DPR_print,367,G,G367,"0","F156",n,false,false,,"","","","","",""
DPR_print,367,H,H367,"0","F157",n,false,false,,"","","","","",""
DPR_print,367,I,I367,"0","F158",n,false,false,,"","","","","",""
DPR_print,368,B,B368,"Current Assets","",s,true,false,B368:D368,"","","","","",""
DPR_print,368,F,F368,"0","F351",n,false,false,,"","","","","",""
DPR_print,368,G,G368,"0","G351",n,false,false,,"","","","","",""
DPR_print,368,H,H368,"0","H351",n,false,false,,"","","","","",""
DPR_print,368,I,I368,"0","I351",n,false,false,,"","","","","",""
DPR_print,369,B,B369,"Total","",s,true,false,B369:D369,"","","","","",""
DPR_print,369,F,F369,"0","SUM(F366:F368)",n,false,false,,"","","","","",""
DPR_print,369,G,G369,"0","SUM(G366:G368)",n,false,false,,"","","","","",""
DPR_print,369,H,H369,"0","SUM(H366:H368)",n,false,false,,"","","","","",""
DPR_print,369,I,I369,"0","SUM(I366:I368)",n,false,false,,"","","","","",""
DPR_print,371,B,B371,"Opening Balance","",s,true,false,B371:D371,"","","","","",""
DPR_print,371,F,F371,"0","E353",n,false,false,,"","","","","",""
DPR_print,371,G,G371,"0","F373",n,false,false,,"","","","","",""
DPR_print,371,H,H371,"0","G373",n,false,false,,"","","","","",""
DPR_print,371,I,I371,"0","H373",n,false,false,,"","","","","",""
DPR_print,372,B,B372,"Surplus","",s,true,false,B372:D372,"","","","","",""
DPR_print,372,F,F372,"0","F362-F369",n,false,false,,"","","","","",""
DPR_print,372,G,G372,"0","G362-G369",n,false,false,,"","","","","",""
DPR_print,372,H,H372,"0","H362-H369",n,false,false,,"","","","","",""
DPR_print,372,I,I372,"0","I362-I369",n,false,false,,"","","","","",""
DPR_print,373,B,B373,"Closing Balance","",s,true,false,B373:D373,"","","","","",""
DPR_print,373,F,F373,"0","F372",n,false,false,,"","","","","",""
DPR_print,373,G,G373,"0","SUM(G371:G372)",n,false,false,,"","","","","",""
DPR_print,373,H,H373,"0","SUM(H371:H372)",n,false,false,,"","","","","",""
DPR_print,373,I,I373,"0","SUM(I371:I372)",n,false,false,,"","","","","",""
DPR_print,376,A,A376,"9.5","",n,true,false,,"","","","","",""
DPR_print,376,B,B376,"BREAK EVEN POINT AND RATIO ANALYSIS  :","",s,true,false,B376:F376,"","","","","",""
DPR_print,377,B,B377,"Particulars","",s,true,false,B377:D377,"","","","","",""
DPR_print,377,E,E377,"0 Year","",s,true,false,,"","","","","",""
DPR_print,377,F,F377,"1st Year","",s,true,false,,"","","","","",""
DPR_print,377,G,G377,"2nd Year","",s,true,false,,"","","","","",""
DPR_print,377,H,H377,"3rd Year","",s,true,false,,"","","","","",""
DPR_print,377,I,I377,"4th Year","",s,true,false,,"","","","","",""
DPR_print,378,B,B378,"Fixed Cost","",s,true,false,B378:D378,"","","","","",""
DPR_print,378,F,F378,"0","F311+F313+E176",n,false,false,,"","","","","",""
DPR_print,378,G,G378,"0","G311+G313+F176",n,false,false,,"","","","","",""
DPR_print,378,H,H378,"0","H311+H313+G176",n,false,false,,"","","","","",""
DPR_print,378,I,I378,"0","I311+I313+H176",n,false,false,,"","","","","",""
DPR_print,379,B,B379,"Variable Cost","",s,true,false,B379:D379,"","","","","",""
DPR_print,379,F,F379,"0","F303+F314",n,false,false,,"","","","","",""
DPR_print,379,G,G379,"0","G303+G314",n,false,false,,"","","","","",""
DPR_print,379,H,H379,"0","H303+H314",n,false,false,,"","","","","",""
DPR_print,379,I,I379,"0","I303+I314",n,false,false,,"","","","","",""
DPR_print,380,B,B380,"Total Cost","",s,true,false,B380:D380,"","","","","",""
DPR_print,380,F,F380,"0","SUM(F378:F379)",n,false,false,,"","","","","",""
DPR_print,380,G,G380,"0","SUM(G378:G379)",n,false,false,,"","","","","",""
DPR_print,380,H,H380,"0","SUM(H378:H379)",n,false,false,,"","","","","",""
DPR_print,380,I,I380,"0","SUM(I378:I379)",n,false,false,,"","","","","",""
DPR_print,382,B,B382,"Sales","",s,true,false,B382:D382,"","","","","",""
DPR_print,382,F,F382,"0","E198",n,false,false,,"","","","","",""
DPR_print,382,G,G382,"0","F198",n,false,false,,"","","","","",""
DPR_print,382,H,H382,"0","G198",n,false,false,,"","","","","",""
DPR_print,382,I,I382,"0","H198",n,false,false,,"","","","","",""
DPR_print,384,B,B384,"Contribution (Sales-VC)","",s,true,false,B384:D384,"","","","","",""
DPR_print,384,F,F384,"0","F382-F379",n,false,false,,"","","","","",""
DPR_print,384,G,G384,"0","G382-G379",n,false,false,,"","","","","",""
DPR_print,384,H,H384,"0","H382-H379",n,false,false,,"","","","","",""
DPR_print,384,I,I384,"0","I382-I379",n,false,false,,"","","","","",""
DPR_print,386,B,B386,"B.E.P in %","",s,true,false,B386:D386,"","","","","",""
DPR_print,386,F,F386,"#DIV/0!","(F378/F384)",e,false,false,,"","","","","",""
DPR_print,386,G,G386,"#DIV/0!","(G378/G384)",e,false,false,,"","","","","",""
DPR_print,386,H,H386,"#DIV/0!","(H378/H384)",e,false,false,,"","","","","",""
DPR_print,386,I,I386,"#DIV/0!","(I378/I384)",e,false,false,,"","","","","",""
DPR_print,388,B,B388,"Break Even Sales in Rs.","",s,true,false,B388:D388,"","","","","",""
DPR_print,388,F,F388,"#DIV/0!","(((F378/F384)*F382))",e,false,false,,"","","","","",""
DPR_print,388,G,G388,"#DIV/0!","(((G378/G384)*G382))",e,false,false,,"","","","","",""
DPR_print,388,H,H388,"#DIV/0!","(((H378/H384)*H382))",e,false,false,,"","","","","",""
DPR_print,388,I,I388,"#DIV/0!","(((I378/I384)*I382))",e,false,false,,"","","","","",""
DPR_print,390,B,B390,"Break Even Units","",s,true,false,B390:D390,"","","","","",""
DPR_print,390,F,F390,"#DIV/0!","((F388/DataSheet!F94))",e,false,false,,"","","","","",""
DPR_print,390,G,G390,"#DIV/0!","((G388/DataSheet!F94))",e,false,false,,"","","","","",""
DPR_print,390,H,H390,"#DIV/0!","((H388/DataSheet!F94))",e,false,false,,"","","","","",""
DPR_print,390,I,I390,"#DIV/0!","((I388/DataSheet!F94))",e,false,false,,"","","","","",""
DPR_print,392,B,B392,"Current Ratio","",s,true,false,B392:D392,"","","","","",""
DPR_print,392,F,F392,"#DIV/0!","(((F351)/(F142+I142+F155+I155)))",e,false,false,,"","","","","",""
DPR_print,392,G,G392,"#DIV/0!","(((G351)/(F143+I143+F156+I156)))",e,false,false,,"","","","","",""
DPR_print,392,H,H392,"#DIV/0!","(((H351)/(F144+I144+F157+I157)))",e,false,false,,"","","","","",""
DPR_print,392,I,I392,"#DIV/0!","(((I351)/(F145+I145+F158+I158)))",e,false,false,,"","","","","",""
DPR_print,394,B,B394,"Net Profit Ratio","",s,true,false,B394:D394,"","","","","",""
DPR_print,394,F,F394,"#DIV/0!","((F318/F382))",e,false,false,,"","","","","",""
DPR_print,394,G,G394,"#DIV/0!","((G318/G382))",e,false,false,,"","","","","",""
DPR_print,394,H,H394,"#DIV/0!","((H318/H382))",e,false,false,,"","","","","",""
DPR_print,394,I,I394,"#DIV/0!","((I318/I382))",e,false,false,,"","","","","",""
DPR_print,397,B,B397,"This Project Report has been prepared based on the data furnished by the beneficiary whose details are given in the application.","",s,true,false,B397:I398,"","","","","",""
DPR_print,399,B,B399,"Place  :","",s,true,false,,"","","","","",""
DPR_print,400,B,B400,"Date:","",s,true,false,,"","","","","",""
DPR_print,401,B,B401,"Prepared by       :","",s,true,false,B401:D401,"","","","","",""
DPR_print,402,G,G402,"Full Name :","",s,true,false,,"","","","","",""
DPR_print,402,H,H402,"","UPPER(DataSheet!B9)",s,false,false,H402:I402,"","","","","",""
DPR_print,404,H,H404,"Signature of the Beneficiary","",s,true,false,H404:I404,"","","","","",""
Project_Report,1,A,A1,"PROJECT REPORT FOR","",s,true,false,A1:J1,"","","","","",""
Project_Report,2,A,A2,"","UPPER(Application_form!B55)",s,false,false,A2:J2,"","","","","",""
Project_Report,5,I,I5,"Affix latest","",s,true,false,,"","","","","",""
Project_Report,6,I,I6,"attested","",s,true,false,,"","","","","",""
Project_Report,7,I,I7,"Photograph","",s,true,false,,"","","","","",""
Project_Report,9,A,A9,"1","",n,true,false,,"","","","","",""
Project_Report,9,B,B9,"Name of the Beneficiary","IF(K10=1,""Name of the Beneficiary"",""Name of the Institution/Unit"")",s,false,false,B9:E9,"","","","","",""
Project_Report,9,G,G9,"0","DataSheet!B9",n,false,false,G9:K9,"","","","","",""
Project_Report,10,K,K10,"1","",n,true,false,,"","","","","",""
Project_Report,10,M,M10,"Individual","",s,true,false,,"","","","","",""
Project_Report,11,A,A11,"2","",n,true,false,,"","","","","",""
Project_Report,11,B,B11,"Constitution (legal Status)                                         :","",s,true,false,B11:E11,"","","","","",""
Project_Report,11,G,G11,"Individual","INDEX(M10:M14,K10)",s,false,false,G11:K11,"","","","","",""
Project_Report,14,A,A14,"3","",n,true,false,,"","","","","",""
Project_Report,14,B,B14,"Father's/Spouce's Name","IF(K10=1,""Father's/Spouce's Name"",""Contact Persons Name"")",s,false,false,B14:E14,"","","","","",""
Project_Report,14,G,G14,"#REF!","#REF!",e,false,false,G14:K14,"","","","","",""
Project_Report,16,A,A16,"5","",n,true,false,,"","","","","",""
Project_Report,16,B,B16," Unit  Address                        :","",s,true,false,B16:E16,"","","","","",""
Project_Report,16,G,G16,"0","DataSheet!B14",n,false,false,G16:K16,"","","","","",""
Project_Report,17,G,G17,"0","DataSheet!B15",n,false,false,G17:K17,"","","","","",""
Project_Report,18,G,G18,"Taluk/Block:","",s,true,false,,"","","","","",""
Project_Report,18,H,H18,"0","DataSheet!D16",n,false,false,H18:K18,"","","","","",""
Project_Report,19,G,G19,"District :","",s,true,false,,"","","","","",""
Project_Report,19,H,H19,"0","DataSheet!D16",n,false,false,H19:K19,"","","","","",""
Project_Report,20,G,G20,"Pin:","",s,true,false,,"","","","","",""
Project_Report,20,H,H20,"0","DataSheet!H17",n,false,false,,"","","","","",""
Project_Report,20,I,I20,"State:","",s,true,false,,"","","","","",""
Project_Report,20,J,J20,"#REF!","#REF!",e,false,false,J20:K20,"","","","","",""
Project_Report,21,G,G21,"Phone                  :","",s,true,false,,"","","","","",""
Project_Report,21,H,H21,"#REF!","#REF!",e,false,false,H21:K21,"","","","","",""
Project_Report,22,G,G22,"E-Mail                  :","",s,true,false,,"","","","","",""
Project_Report,22,H,H22,"#REF!","#REF!",e,false,false,H22:K22,"","","","","",""
Project_Report,24,A,A24,"6","",n,true,false,,"","","","","",""
Project_Report,24,B,B24,"Background of the Proprietor/Partners/Directors  :","",s,true,false,B24:F24,"","","","","",""
Project_Report,24,G,G24,"Furnished detailed information in the DPR","",s,true,false,G24:K24,"","","","","",""
Project_Report,27,A,A27,"7","",n,true,false,,"","","","","",""
Project_Report,27,B,B27,"Name of Business House/Group if any :","",s,true,false,B27:E27,"","","","","",""
Project_Report,31,A,A31,"8","",n,true,false,,"","","","","",""
Project_Report,31,B,B31,"Details Other Companies/Units in the group     :","",s,true,false,B31:F31,"","","","","",""
Project_Report,32,B,B32,"Other Companies / Units in the Group","",s,true,false,B32:H32,"","","","","",""
Project_Report,32,I,I32,"(Rs. in Lakhs)","",s,true,false,I32:K32,"","","","","",""
Project_Report,33,B,B33,"Name & Address","",s,true,false,B33:C33,"","","","","",""
Project_Report,33,D,D33,"Business","",s,true,false,,"","","","","",""
Project_Report,33,E,E33,"Equity","",s,true,false,,"","","","","",""
Project_Report,33,F,F33,"Reserves","",s,true,false,,"","","","","",""
Project_Report,33,G,G33,"Loans","",s,true,false,,"","","","","",""
Project_Report,33,H,H33,"Turnover","",s,true,false,,"","","","","",""
Project_Report,33,I,I33,"*P.B.T","",s,true,false,,"","","","","",""
Project_Report,33,J,J33,"**P.A.T","",s,true,false,,"","","","","",""
Project_Report,34,B,B34,"of Company / Unit","",s,true,false,B34:C34,"","","","","",""
Project_Report,37,B,B37,"* Profit Before Tax","",s,true,false,B37:C37,"","","","","",""
Project_Report,37,D,D37,"** Profit After Tax","",s,true,false,D37:E37,"","","","","",""
Project_Report,38,E,E38," ` ","",s,true,false,,"","","","","",""
Project_Report,41,A,A41,"8.1","",n,true,false,,"","","","","",""
Project_Report,41,B,B41,"How the activity was financed so far :","",s,true,false,B41:E41,"","","","","",""
Project_Report,41,F,F41,"( To be filled up in case of existining unit Only )","",s,true,false,F41:K41,"","","","","",""
Project_Report,42,B,B42,"*Source of Funds","",s,true,false,B42:C42,"","","","","",""
Project_Report,42,D,D42,"Security","",s,true,false,,"","","","","",""
Project_Report,42,E,E42,"Rate of ","",s,true,false,,"","","","","",""
Project_Report,42,F,F42,"Repayment per","",s,true,false,F42:G42,"","","","","",""
Project_Report,42,H,H42,"Present O/s","",s,true,false,H42:I42,"","","","","",""
Project_Report,42,J,J42,"Amount of Default","",s,true,false,J42:K42,"","","","","",""
Project_Report,43,E,E43,"Interest","",s,true,false,,"","","","","",""
Project_Report,43,F,F43,"Month","",s,true,false,F43:G43,"","","","","",""
Project_Report,43,H,H43,"( Rs. in '000 )","",s,true,false,H43:I43,"","","","","",""
Project_Report,43,J,J43,"(if any)","",s,true,false,J43:K43,"","","","","",""
Project_Report,50,A,A50,"8.2","",n,true,false,,"","","","","",""
Project_Report,50,B,B50,"If the Unit is an ancillary one, undertaking to","",s,true,false,B50:E50,"","","","","",""
Project_Report,51,B,B51,"which it is catering and its address           :","",s,true,false,B51:E51,"","","","","",""
Project_Report,56,A,A56,"8.3","",n,true,false,,"","","","","",""
Project_Report,56,B,B56,"Employment                                           :","",s,true,false,B56:E56,"","","","","",""
Project_Report,56,G,G56,"Present","",s,true,false,G56:H56,"","","","","",""
Project_Report,56,I,I56,"Proposed","",s,true,false,I56:J56,"","","","","",""
Project_Report,57,B,B57,"Labor","DataSheet!B121:D121",s,false,false,B57:E57,"","","","","",""
Project_Report,57,I,I57,"0","DataSheet!E121",n,false,false,I57:J57,"","","","","",""
Project_Report,58,B,B58,"0","DataSheet!B122:D122",n,false,false,B58:E58,"","","","","",""
Project_Report,58,I,I58,"0","DataSheet!E122",n,false,false,I58:J58,"","","","","",""
Project_Report,59,B,B59,"0","DataSheet!B123:D123",n,false,false,B59:E59,"","","","","",""
Project_Report,59,I,I59,"0","DataSheet!E123",n,false,false,I59:J59,"","","","","",""
Project_Report,60,B,B60,"0","DataSheet!B124:D124",n,false,false,B60:E60,"","","","","",""
Project_Report,60,I,I60,"0","DataSheet!E124",n,false,false,I60:J60,"","","","","",""
Project_Report,61,B,B61,"0","DataSheet!B125:D125",n,false,false,B61:E61,"","","","","",""
Project_Report,61,I,I61,"0","DataSheet!E125",n,false,false,I61:J61,"","","","","",""
Project_Report,62,B,B62,"0","DataSheet!B126:D126",n,false,false,B62:E62,"","","","","",""
Project_Report,62,I,I62,"0","DataSheet!E126",n,false,false,I62:J62,"","","","","",""
Project_Report,63,B,B63,"0","DataSheet!B127:D127",n,false,false,B63:E63,"","","","","",""
Project_Report,63,I,I63,"0","DataSheet!E127",n,false,false,I63:J63,"","","","","",""
Project_Report,64,B,B64,"0","DataSheet!B134:D134",n,false,false,B64:E64,"","","","","",""
Project_Report,64,I,I64,"0","DataSheet!E134",n,false,false,I64:J64,"","","","","",""
Project_Report,65,B,B65,"0","DataSheet!B135:D135",n,false,false,B65:E65,"","","","","",""
Project_Report,65,I,I65,"0","DataSheet!E135",n,false,false,I65:J65,"","","","","",""
Project_Report,66,B,B66,"0","DataSheet!B136:D136",n,false,false,B66:E66,"","","","","",""
Project_Report,66,I,I66,"0","DataSheet!E136",n,false,false,I66:J66,"","","","","",""
Project_Report,67,B,B67,"0","DataSheet!B137:D137",n,false,false,B67:E67,"","","","","",""
Project_Report,67,I,I67,"0","DataSheet!E137",n,false,false,I67:J67,"","","","","",""
Project_Report,68,B,B68,"0","DataSheet!B138:D138",n,false,false,B68:E68,"","","","","",""
Project_Report,68,I,I68,"0","DataSheet!E138",n,false,false,I68:J68,"","","","","",""
Project_Report,69,B,B69,"Total","",s,true,false,B69:E69,"","","","","",""
Project_Report,69,I,I69,"0","SUM(I57:I68)",n,false,false,I69:J69,"","","","","",""
Project_Report,72,A,A72,"9","",n,true,false,,"","","","","",""
Project_Report,72,B,B72,"Project Details for Proposed New Unit             :","",s,true,false,B72:F72,"","","","","",""
Project_Report,72,G,G72,"Copy of detailed project report is enclosed.","",s,true,false,G72:K72,"","","","","",""
Project_Report,73,B,B73,"a","",s,true,false,,"","","","","",""
Project_Report,73,C,C73,"Expansion / Mordenisation                :","",s,true,false,C73:F73,"","","","","",""
Project_Report,75,B,B75,"b","",s,true,false,,"","","","","",""
Project_Report,75,C,C75,"Setting up of New unit                         :","",s,true,false,C75:F75,"","","","","",""
Project_Report,77,B,B77,"c","",s,true,false,,"","","","","",""
Project_Report,77,C,C77,"Activity for proposed new unit            :                                        ","",s,true,false,C77:F77,"","","","","",""
Project_Report,79,B,B79,"d","",s,true,false,,"","","","","",""
Project_Report,79,C,C79,"Product / Item proposed to undertake   :","",s,true,false,C79:F79,"","","","","",""
Project_Report,82,A,A82,"9.1","",n,true,false,,"","","","","",""
Project_Report,82,B,B82,"Capacity (Furnish the details of Installed capacity & production :","",s,true,false,B82:G82,"","","","","",""
Project_Report,82,H,H82,"(No. in Units/ Qty. in Kg./Volume in liter per annum)","",s,true,false,H82:K82,"","","","","",""
Project_Report,83,B,B83,"Capacity is arrived at on the basis of","",s,true,false,B83:E83,"","","","","",""
Project_Report,83,G,G83,"Days working on","",s,true,false,G83:H83,"","","","","",""
Project_Report,83,J,J83,"shift basis","",s,true,false,J83:K83,"","","","","",""
Project_Report,84,B,B84,"Product &","",s,true,false,B84:C84,"","","","","",""
Project_Report,84,D,D84,"Present Installed","",s,true,false,D84:E84,"","","","","",""
Project_Report,84,F,F84,"Maximum Prod.","",s,true,false,F84:G84,"","","","","",""
Project_Report,84,H,H84,"Proposed Installed","",s,true,false,H84:I84,"","","","","",""
Project_Report,84,J,J84,"Maximum Prod.","",s,true,false,J84:K84,"","","","","",""
Project_Report,85,B,B85,"By-product if any","",s,true,false,B85:C85,"","","","","",""
Project_Report,85,D,D85,"Capacity","",s,true,false,D85:E85,"","","","","",""
Project_Report,85,F,F85,"Achieved","",s,true,false,F85:G85,"","","","","",""
Project_Report,85,H,H85,"Capacity of 1st Year","",s,true,false,H85:I85,"","","","","",""
Project_Report,85,J,J85,"envisaged ","",s,true,false,J85:K85,"","","","","",""
Project_Report,86,H,H86,"70.00%","",n,true,false,H86:I86,"","","","","",""
Project_Report,86,J,J86,"0","DPR_print!F303",n,false,false,J86:K86,"","","","","",""
Project_Report,94,A,A94,"9.3","",n,true,false,,"","","","","",""
Project_Report,94,B,B94,"State the manufacturing process in brief     :","",s,true,false,B94:E94,"","","","","",""
Project_Report,105,A,A105,"9.4","",n,true,false,,"","","","","",""
Project_Report,105,B,B105,"Has the proposed process ever been tried in the  ","",s,true,false,B105:F105,"","","","","",""
Project_Report,106,B,B106,"country or newly adopted?                                     :","",s,true,false,B106:F106,"","","","","",""
Project_Report,112,A,A112,"9.5","",n,true,false,,"","","","","",""
Project_Report,112,B,B112,"Technical Arrangements                        :","",s,true,false,B112:E112,"","","","","",""
Project_Report,122,A,A122,"9.6","",n,true,false,,"","","","","",""
Project_Report,122,B,B122,"Describe arrangement for Key Official ","",s,true,false,B122:E122,"","","","","",""
Project_Report,123,B,B123,"for managing the proposed unit             :","",s,true,false,B123:E123,"","","","","",""
Project_Report,124,B,B124,"Technical Manpower","",s,true,false,B124:E124,"","","","","",""
Project_Report,126,B,B126,"Administrative Manpower","",s,true,false,B126:E126,"","","","","",""
Project_Report,128,B,B128,"Accounting personnel","",s,true,false,B128:E128,"","","","","",""
Project_Report,132,A,A132,"9.7","",n,true,false,,"","","","","",""
Project_Report,132,B,B132,"Particulars of Land                              ","",s,true,false,B132:E132,"","","","","",""
Project_Report,132,F,F132,"Existing","",s,true,false,F132:H132,"","","","","",""
Project_Report,132,I,I132,"Proposed","",s,true,false,I132:K132,"","","","","",""
Project_Report,133,B,B133,"Location of the Land                            :","",s,true,false,B133:E133,"","","","","",""
Project_Report,134,B,B134,"Area of Land                                         :","",s,true,false,B134:E134,"","","","","",""
Project_Report,135,B,B135,"Status of the Land                                :","",s,true,false,B135:E135,"","","","","",""
Project_Report,136,B,B136,"Nature of Land                                      :","",s,true,false,B136:E136,"","","","","",""
Project_Report,137,B,B137,"Availability of Water                             :","",s,true,false,B137:E137,"","","","","",""
Project_Report,140,A,A140,"9.8","",n,true,false,,"","","","","",""
Project_Report,140,B,B140,"Particulars of Building                                     ","",s,true,false,B140:E140,"","","","","",""
Project_Report,140,F,F140,"Existing","",s,true,false,F140:H140,"","","","","",""
Project_Report,140,I,I140,"Proposed","",s,true,false,I140:K140,"","","","","",""
Project_Report,141,B,B141,"(Enclose the plan & Estimation for the proposed Building)","",s,true,false,B141:E141,"","","","","",""
Project_Report,141,F,F141,"Area ","",s,true,false,,"","","","","",""
Project_Report,141,G,G141,"Value in Rs.","",s,true,false,,"","","","","",""
Project_Report,141,H,H141,"Status","",s,true,false,,"","","","","",""
Project_Report,141,I,I141,"Area ","",s,true,false,,"","","","","",""
Project_Report,141,J,J141,"Value","",s,true,false,,"","","","","",""
Project_Report,141,K,K141,"Status","",s,true,false,,"","","","","",""
Project_Report,142,B,B142,"Factory Building                                   :","",s,true,false,B142:E142,"","","","","",""
Project_Report,144,B,B144,"Ancillary Building                                  :","",s,true,false,B144:E144,"","","","","",""
Project_Report,146,B,B146,"Storage                                                 :","",s,true,false,B146:E146,"","","","","",""
Project_Report,148,B,B148,"Total                                                       :","",s,true,false,B148:E148,"","","","","",""
Project_Report,148,G,G148,"0.00","G142+G144+G146",n,false,false,,"","","","","",""
Project_Report,148,J,J148,"0.00","J142+J144+J146",n,false,false,,"","","","","",""
Project_Report,151,A,A151,"9.9","",n,true,false,,"","","","","",""
Project_Report,151,B,B151,"Plant and Machinery                            ","",s,true,false,B151:E151,"","","","","",""
Project_Report,151,F,F151,"Existing (Value in Rs.)","",s,true,false,F151:H151,"","","","","",""
Project_Report,151,I,I151,"Proposed (Value in Rs.)","",s,true,false,I151:K151,"","","","","",""
Project_Report,152,B,B152,"Indigenous","",s,true,false,B152:E152,"","","","","",""
Project_Report,152,I,I152,"0.00","DPR_print!H108",n,false,false,I152:K152,"","","","","",""
Project_Report,154,B,B154,"Imported","",s,true,false,B154:E154,"","","","","",""
Project_Report,156,B,B156,"(Enclose the plan layout of the existing plant and machinery )","",s,true,false,B156:K156,"","","","","",""
Project_Report,159,A,A159,"9.10","",n,true,false,,"","","","","",""
Project_Report,159,B,B159,"Rawmaterials / Components","",s,true,false,B159:E159,"","","","","",""
Project_Report,160,B,B160,"Req. of Raw material/Components/Chemicals","",s,true,false,B160:E160,"","","","","",""
Project_Report,160,F,F160,"Qty. in Nos./Kgs./Ton","",s,true,false,F160:G160,"","","","","",""
Project_Report,160,H,H160,"Rate/Nos./Kgs/Tons","",s,true,false,H160:I160,"","","","","",""
Project_Report,160,J,J160,"Value in Rs.","",s,true,false,J160:K160,"","","","","",""
Project_Report,163,L,L163," ","",s,true,false,,"","","","","",""
Project_Report,167,B,B167,"Total","",s,true,false,B167:E167,"","","","","",""
Project_Report,167,J,J167,"0.00","SUM(J161:J166)",n,false,false,J167:K167,"","","","","",""
Project_Report,170,A,A170,"9.11","",n,true,false,,"","","","","",""
Project_Report,170,B,B170,"Utilities  (Furnish details on requirement, availability, adequacy, qualitative aspects etc..)   ","",s,true,false,B170:I170,"","","","","",""
Project_Report,171,B,B171,"Particulars of Utilities","",s,true,false,B171:E171,"","","","","",""
Project_Report,171,F,F171,"Contracted Load","",s,true,false,F171:G171,"","","","","",""
Project_Report,171,H,H171,"Connected Load","",s,true,false,H171:I171,"","","","","",""
Project_Report,171,J,J171,"Further requirement","",s,true,false,J171:K171,"","","","","",""
Project_Report,172,F,F172,"in HP/KW/W","",s,true,false,F172:G172,"","","","","",""
Project_Report,172,H,H172,"in HP/KW/W","",s,true,false,H172:I172,"","","","","",""
Project_Report,172,J,J172,"in HP/KW/W","",s,true,false,J172:K172,"","","","","",""
Project_Report,173,B,B173,"Power","",s,true,false,B173:E173,"","","","","",""
Project_Report,175,B,B175,"Water","",s,true,false,B175:E175,"","","","","",""
Project_Report,177,B,B177,"Fuel","",s,true,false,B177:E177,"","","","","",""
Project_Report,179,B,B179,"Others (Specify)","",s,true,false,B179:E179,"","","","","",""
Project_Report,187,A,A187,"9.12","",n,true,false,,"","","","","",""
Project_Report,187,B,B187,"Environment Aspect of the Project    :","",s,true,false,B187:E187,"","","","","",""
Project_Report,198,A,A198,"9.13","",n,true,false,,"","","","","",""
Project_Report,198,B,B198,"Requirement of Manpower for the Project        :","",s,true,false,B198:F198,"","","","","",""
Project_Report,199,B,B199,"Particulars of Manpower","",s,true,false,B199:E199,"","","","","",""
Project_Report,199,F,F199,"Total Requirement","",s,true,false,F199:G199,"","","","","",""
Project_Report,199,H,H199,"Salary/Wages per month","",s,true,false,H199:I199,"","","","","",""
Project_Report,199,J,J199,"Cost per Annum","",s,true,false,J199:K199,"","","","","",""
Project_Report,200,B,B200,"Labor","B57",s,false,false,B200:E200,"","","","","",""
Project_Report,200,F,F200,"0","I57",n,false,false,F200:G200,"","","","","",""
Project_Report,200,H,H200,"0.00","DPR_print!F215",n,false,false,H200:I200,"","","","","",""
Project_Report,200,J,J200,"0.00","F200*H200*12",n,false,false,J200:K200,"","","","","",""
Project_Report,201,B,B201,"0","B58",n,false,false,B201:E201,"","","","","",""
Project_Report,201,F,F201,"0","I58",n,false,false,F201:G201,"","","","","",""
Project_Report,201,H,H201,"0.00","DPR_print!F216",n,false,false,H201:I201,"","","","","",""
Project_Report,201,J,J201,"0.00","F201*H201*12",n,false,false,J201:K201,"","","","","",""
Project_Report,202,B,B202,"0","B59",n,false,false,B202:E202,"","","","","",""
Project_Report,202,F,F202,"0","I59",n,false,false,F202:G202,"","","","","",""
Project_Report,202,H,H202,"0.00","DPR_print!F217",n,false,false,H202:I202,"","","","","",""
Project_Report,202,J,J202,"0.00","F202*H202*12",n,false,false,J202:K202,"","","","","",""
Project_Report,203,B,B203,"0","B60",n,false,false,B203:E203,"","","","","",""
Project_Report,203,F,F203,"0","I60",n,false,false,F203:G203,"","","","","",""
Project_Report,203,H,H203,"0.00","DPR_print!F218",n,false,false,H203:I203,"","","","","",""
Project_Report,203,J,J203,"0.00","F203*H203*12",n,false,false,J203:K203,"","","","","",""
Project_Report,204,B,B204,"0","B61",n,false,false,B204:E204,"","","","","",""
Project_Report,204,F,F204,"0","I61",n,false,false,F204:G204,"","","","","",""
Project_Report,204,H,H204,"0.00","DPR_print!F219",n,false,false,H204:I204,"","","","","",""
Project_Report,204,J,J204,"0.00","F204*H204*12",n,false,false,J204:K204,"","","","","",""
Project_Report,205,B,B205,"0","B62",n,false,false,B205:E205,"","","","","",""
Project_Report,205,F,F205,"0","I62",n,false,false,F205:G205,"","","","","",""
Project_Report,205,H,H205,"0.00","DPR_print!F220",n,false,false,H205:I205,"","","","","",""
Project_Report,205,J,J205,"0.00","F205*H205*12",n,false,false,J205:K205,"","","","","",""
Project_Report,206,B,B206,"0","B63",n,false,false,B206:E206,"","","","","",""
Project_Report,206,F,F206,"0","I63",n,false,false,F206:G206,"","","","","",""
Project_Report,206,H,H206,"0.00","DPR_print!F221",n,false,false,H206:I206,"","","","","",""
Project_Report,206,J,J206,"0.00","F206*H206*12",n,false,false,J206:K206,"","","","","",""
Project_Report,207,B,B207,"0","B64",n,false,false,B207:E207,"","","","","",""
Project_Report,207,F,F207,"0","I64",n,false,false,F207:G207,"","","","","",""
Project_Report,207,H,H207,"0.00","DPR_print!F232",n,false,false,H207:I207,"","","","","",""
Project_Report,207,J,J207,"0.00","F207*H207*12",n,false,false,J207:K207,"","","","","",""
Project_Report,208,B,B208,"0","B65",n,false,false,B208:E208,"","","","","",""
Project_Report,208,F,F208,"0","I65",n,false,false,F208:G208,"","","","","",""
Project_Report,208,H,H208,"0.00","DPR_print!F233",n,false,false,H208:I208,"","","","","",""
Project_Report,208,J,J208,"0.00","F208*H208*12",n,false,false,J208:K208,"","","","","",""
Project_Report,209,B,B209,"0","B66",n,false,false,B209:E209,"","","","","",""
Project_Report,209,F,F209,"0","I66",n,false,false,F209:G209,"","","","","",""
Project_Report,209,H,H209,"0.00","DPR_print!F234",n,false,false,H209:I209,"","","","","",""
Project_Report,209,J,J209,"0.00","F209*H209*12",n,false,false,J209:K209,"","","","","",""
Project_Report,210,B,B210,"0","B67",n,false,false,B210:E210,"","","","","",""
Project_Report,210,F,F210,"0","I67",n,false,false,F210:G210,"","","","","",""
Project_Report,210,H,H210,"0.00","DPR_print!F235",n,false,false,H210:I210,"","","","","",""
Project_Report,210,J,J210,"0.00","F210*H210*12",n,false,false,J210:K210,"","","","","",""
Project_Report,211,B,B211,"0","B68",n,false,false,B211:E211,"","","","","",""
Project_Report,211,F,F211,"0","I68",n,false,false,F211:G211,"","","","","",""
Project_Report,211,H,H211,"0.00","DPR_print!F236",n,false,false,H211:I211,"","","","","",""
Project_Report,211,J,J211,"0.00","F211*H211*12",n,false,false,J211:K211,"","","","","",""
Project_Report,212,B,B212,"Total","B69",s,false,false,B212:E212,"","","","","",""
Project_Report,212,F,F212,"0","I69",n,false,false,F212:G212,"","","","","",""
Project_Report,212,J,J212,"0.00","SUM(J200:J211)",n,false,false,J212:K212,"","","","","",""
Project_Report,215,A,A215,"9.14","",n,true,false,,"","","","","",""
Project_Report,215,B,B215,"Schedule of Implementation               :","",s,true,false,B215:E215,"","","","","",""
Project_Report,215,F,F215,"B A R    C H A R T","",s,true,false,F215:K215,"","","","","",""
Project_Report,216,B,B216,"Activities","",s,true,false,B216:E216,"","","","","",""
Project_Report,216,F,F216,"Date of Commencement","",s,true,false,F216:H216,"","","","","",""
Project_Report,216,I,I216,"Expected Date of Completion","",s,true,false,I216:K216,"","","","","",""
Project_Report,217,B,B217,"a.  Acquisition of Land","",s,true,false,B217:E217,"","","","","",""
Project_Report,218,B,B218,"b.  Development of Land","",s,true,false,B218:E218,"","","","","",""
Project_Report,219,B,B219,"c.  Civil Works for Factory / Building","",s,true,false,B219:E219,"","","","","",""
Project_Report,220,B,B220,"     Machinery / Foundation etc..","",s,true,false,B220:E220,"","","","","",""
Project_Report,221,B,B221,"d.  Plant & Machinery","",s,true,false,B221:E221,"","","","","",""
Project_Report,222,B,B222,"     Imported","",s,true,false,B222:E222,"","","","","",""
Project_Report,223,B,B223,"     Indigenous","",s,true,false,B223:E223,"","","","","",""
Project_Report,224,B,B224,"e.  Arrangement for power","",s,true,false,B224:E224,"","","","","",""
Project_Report,225,B,B225,"f.   Arrangement for water","",s,true,false,B225:E225,"","","","","",""
Project_Report,226,B,B226,"g.  Errection of equipment","",s,true,false,B226:E226,"","","","","",""
Project_Report,227,B,B227,"h.  Commissioning","",s,true,false,B227:E227,"","","","","",""
Project_Report,228,B,B228,"I.    Procurement of Raw materials/Chemicals","",s,true,false,B228:E228,"","","","","",""
Project_Report,229,B,B229,"j.   Trail Runs","",s,true,false,B229:E229,"","","","","",""
Project_Report,230,B,B230,"k.  Commercial Production","",s,true,false,B230:E230,"","","","","",""
Project_Report,233,A,A233,"10","",n,true,false,,"","","","","",""
Project_Report,233,B,B233,"Cost of Project                                     :","",s,true,false,B233:E233,"","","","","",""
Project_Report,234,J,J234,"(Rs. in '000)","",s,true,false,J234:K234,"","","","","",""
Project_Report,235,B,B235,"Sr.No.","",s,true,false,,"","","","","",""
Project_Report,235,C,C235,"Particulars","",s,true,false,C235:E235,"","","","","",""
Project_Report,235,F,F235,"Already Incurred","",s,true,false,F235:G235,"","","","","",""
Project_Report,235,H,H235,"To be Incurred","",s,true,false,H235:I235,"","","","","",""
Project_Report,235,J,J235,"Total Cost","",s,true,false,J235:K235,"","","","","",""
Project_Report,236,B,B236,"A","",s,true,false,,"","","","","",""
Project_Report,236,C,C236,"Land including Development","",s,true,false,C236:E236,"","","","","",""
Project_Report,236,H,H236,"0.00","",n,true,false,H236:I236,"","","","","",""
Project_Report,236,J,J236,"0.00","F236+H236",n,false,false,J236:K236,"","","","","",""
Project_Report,239,B,B239,"B","",s,true,false,,"","","","","",""
Project_Report,239,C,C239,"Building & Other Civil Works","",s,true,false,C239:E239,"","","","","",""
Project_Report,239,H,H239,"0.00","DPR_print!H93",n,false,false,H239:I239,"","","","","",""
Project_Report,239,J,J239,"0.00","F239+H239",n,false,false,J239:K239,"","","","","",""
Project_Report,242,B,B242,"C","",s,true,false,,"","","","","",""
Project_Report,242,C,C242,"Plant and Machinery","",s,true,false,C242:E242,"","","","","",""
Project_Report,243,C,C243,"1.  Indigenous","",s,true,false,C243:E243,"","","","","",""
Project_Report,243,H,H243,"0.00","DPR_print!H108",n,false,false,H243:I243,"","","","","",""
Project_Report,243,J,J243,"0.00","F243+H243",n,false,false,J243:K243,"","","","","",""
Project_Report,244,C,C244,"2.  Imported","",s,true,false,C244:E244,"","","","","",""
Project_Report,244,J,J244,"0.00","F244+H244",n,false,false,J244:K244,"","","","","",""
Project_Report,247,B,B247,"D","",s,true,false,,"","","","","",""
Project_Report,247,C,C247,"Furniture & Fixture","",s,true,false,C247:E247,"","","","","",""
Project_Report,247,H,H247,"0.00","DPR_print!H111",n,false,false,H247:I247,"","","","","",""
Project_Report,247,J,J247,"0.00","F247+H247",n,false,false,J247:K247,"","","","","",""
Project_Report,250,B,B250,"E","",s,true,false,,"","","","","",""
Project_Report,250,C,C250,"Testing equipment","",s,true,false,C250:E250,"","","","","",""
Project_Report,250,J,J250,"0.00","F250+H250",n,false,false,J250:K250,"","","","","",""
Project_Report,253,B,B253,"F","",s,true,false,,"","","","","",""
Project_Report,253,C,C253,"Miscellaneous Fixed Assets","",s,true,false,C253:E253,"","","","","",""
Project_Report,253,J,J253,"0.00","F253+H253",n,false,false,J253:K253,"","","","","",""
Project_Report,256,B,B256,"G","",s,true,false,,"","","","","",""
Project_Report,256,C,C256,"Errection & Installation Charges","",s,true,false,C256:E256,"","","","","",""
Project_Report,256,J,J256,"0.00","F256+H256",n,false,false,J256:K256,"","","","","",""
Project_Report,259,B,B259,"H","",s,true,false,,"","","","","",""
Project_Report,259,C,C259,"Contingency","",s,true,false,C259:E259,"","","","","",""
Project_Report,259,H,H259,"0.00","DataSheet!H74:I74",n,false,false,H259:I259,"","","","","",""
Project_Report,259,J,J259,"0.00","F259+H259",n,false,false,J259:K259,"","","","","",""
Project_Report,262,B,B262,"I","",s,true,false,,"","","","","",""
Project_Report,262,C,C262,"Preliminary & Pre-Op. Cost","",s,true,false,C262:E262,"","","","","",""
Project_Report,262,H,H262,"0.00","DPR_print!H109",n,false,false,H262:I262,"","","","","",""
Project_Report,262,J,J262,"0.00","F262+H262",n,false,false,J262:K262,"","","","","",""
Project_Report,265,B,B265,"J","",s,true,false,,"","","","","",""
Project_Report,265,C,C265,"Provision for","",s,true,false,C265:E265,"","","","","",""
Project_Report,266,C,C266,"1.  Buildings","",s,true,false,C266:E266,"","","","","",""
Project_Report,266,J,J266,"0.00","F266+H266",n,false,false,J266:K266,"","","","","",""
Project_Report,267,C,C267,"2.  Plant & Machinery","",s,true,false,C267:E267,"","","","","",""
Project_Report,267,J,J267,"0.00","F267+H267",n,false,false,J267:K267,"","","","","",""
Project_Report,268,C,C268,"3.  Other Fixed Assets","",s,true,false,C268:E268,"","","","","",""
Project_Report,268,J,J268,"0.00","F268+H268",n,false,false,J268:K268,"","","","","",""
Project_Report,271,B,B271,"K","",s,true,false,,"","","","","",""
Project_Report,271,C,C271,"Working Capital for one ","",s,true,false,C271:E271,"","","","","",""
Project_Report,271,H,H271,"0.00","DPR_print!H117",n,false,false,H271:I271,"","","","","",""
Project_Report,271,J,J271,"0.00","F271+H271",n,false,false,J271:K271,"","","","","",""
Project_Report,272,C,C272,"Operating Cycle","",s,true,false,C272:E272,"","","","","",""
Project_Report,275,B,B275,"L","",s,true,false,,"","","","","",""
Project_Report,275,C,C275,"Total ","",s,true,false,C275:E275,"","","","","",""
Project_Report,275,F,F275,"0.00","F236+F239+F243+F244+F247+F250+F253+F256+F259+F262+F266+F267+F268+F271",n,false,false,F275:G275,"","","","","",""
Project_Report,275,H,H275,"0.00","H236+H239+H243+H244+H247+H250+H253+H256+H259+H262+H266+H267+H268+H271",n,false,false,H275:I275,"","","","","",""
Project_Report,275,J,J275,"0.00","F275+H275",n,false,false,J275:K275,"","","","","",""
Project_Report,280,A,A280,"11","",n,true,false,,"","","","","",""
Project_Report,280,B,B280,"Means of Financing                        :","",s,true,false,B280:E280,"","","","","",""
Project_Report,281,J,J281,"(Rs. in '000)","",s,true,false,J281:K281,"","","","","",""
Project_Report,282,B,B282,"Sr.No.","",s,true,false,,"","","","","",""
Project_Report,282,C,C282,"Particulars","",s,true,false,C282:E282,"","","","","",""
Project_Report,282,F,F282,"Amount already","",s,true,false,F282:G282,"","","","","",""
Project_Report,282,H,H282,"Amount Proposed","",s,true,false,H282:I282,"","","","","",""
Project_Report,282,J,J282,"Total","",s,true,false,J282:K282,"","","","","",""
Project_Report,283,F,F283,"Raised","",s,true,false,F283:G283,"","","","","",""
Project_Report,283,H,H283,"to be Raised","",s,true,false,H283:I283,"","","","","",""
Project_Report,284,B,B284,"A","",s,true,false,,"","","","","",""
Project_Report,284,C,C284,"Equity / Promoters Contribution","",s,true,false,C284:E284,"","","","","",""
Project_Report,284,H,H284,"0.00","DPR_print!H123",n,false,false,H284:I284,"","","","","",""
Project_Report,284,J,J284,"0.00","F284+H284",n,false,false,J284:K284,"","","","","",""
Project_Report,286,B,B286,"B","",s,true,false,,"","","","","",""
Project_Report,286,C,C286,"Reserves","",s,true,false,C286:E286,"","","","","",""
Project_Report,286,J,J286,"0.00","F286+H286",n,false,false,J286:K286,"","","","","",""
Project_Report,288,B,B288,"C","",s,true,false,,"","","","","",""
Project_Report,288,C,C288,"Term Loans","",s,true,false,C288:E288,"","","","","",""
Project_Report,288,H,H288,"0.00","DPR_print!H129",n,false,false,H288:I288,"","","","","",""
Project_Report,288,J,J288,"0.00","F288+H288",n,false,false,J288:K288,"","","","","",""
Project_Report,290,B,B290,"D","",s,true,false,,"","","","","",""
Project_Report,290,C,C290,"Unsecured Loans and Deposits","",s,true,false,C290:E290,"","","","","",""
Project_Report,290,J,J290,"0.00","F290+H290",n,false,false,J290:K290,"","","","","",""
Project_Report,291,C,C291,"(Indicate sources, roi, repayment etc)","",s,true,false,C291:E291,"","","","","",""
Project_Report,294,B,B294,"E","",s,true,false,,"","","","","",""
Project_Report,294,C,C294,"Deferred Payment","",s,true,false,C294:E294,"","","","","",""
Project_Report,294,J,J294,"0.00","F294+H294",n,false,false,J294:K294,"","","","","",""
Project_Report,295,C,C295,"Arrangements including Suppliers credit","",s,true,false,C295:E295,"","","","","",""
Project_Report,297,B,B297,"F","",s,true,false,,"","","","","",""
Project_Report,297,C,C297,"Subsidy","",s,true,false,C297:E297,"","","","","",""
Project_Report,298,C,C298,"Central Government","",s,true,false,C298:E298,"","","","","",""
Project_Report,298,H,H298,"0.00","DPR_print!H131",n,false,false,H298:I298,"","","","","",""
Project_Report,298,J,J298,"0.00","F298+H298",n,false,false,J298:K298,"","","","","",""
Project_Report,299,C,C299,"State Government","",s,true,false,C299:E299,"","","","","",""
Project_Report,299,J,J299,"0.00","F299+H299",n,false,false,J299:K299,"","","","","",""
Project_Report,301,B,B301,"G","",s,true,false,,"","","","","",""
Project_Report,301,C,C301,"Seed Capital","",s,true,false,C301:E301,"","","","","",""
Project_Report,301,J,J301,"0.00","F301+H301",n,false,false,J301:K301,"","","","","",""
Project_Report,303,B,B303,"H","",s,true,false,,"","","","","",""
Project_Report,303,C,C303,"Internal Cash Accruals","",s,true,false,C303:E303,"","","","","",""
Project_Report,303,J,J303,"0.00","F303+H303",n,false,false,J303:K303,"","","","","",""
Project_Report,305,B,B305,"I","",s,true,false,,"","","","","",""
Project_Report,305,C,C305,"Other Sources (Specify)","",s,true,false,C305:E305,"","","","","",""
Project_Report,305,J,J305,"0.00","F305+H305",n,false,false,J305:K305,"","","","","",""
Project_Report,307,B,B307,"J","",s,true,false,,"","","","","",""
Project_Report,307,C,C307,"Total","",s,true,false,C307:E307,"","","","","",""
Project_Report,307,F,F307,"0.00","F284+F286+F288+F290+F294+F298+F299+F301+F303+F305",n,false,false,F307:G307,"","","","","",""
Project_Report,307,H,H307,"0.00","H284+H286+H288+H290+H294+H301+H303+H305",n,false,false,H307:I307,"","","","","",""
Project_Report,307,J,J307,"0.00","J284+J286+J288+J290+J294+J301+J303+J305",n,false,false,J307:K307,"","","","","",""
Project_Report,312,A,A312,"11.1","",n,true,false,,"","","","","",""
Project_Report,312,B,B312,"In case internal accruals are taken as","",s,true,false,B312:E312,"","","","","",""
Project_Report,313,B,B313,"source of finance explain the basis of ","",s,true,false,B313:E313,"","","","","",""
Project_Report,314,B,B314,"estimation of internal accruals            :","",s,true,false,B314:E314,"","","","","",""
Project_Report,317,A,A317,"11.2","",n,true,false,,"","","","","",""
Project_Report,317,B,B317,"Indicate source from which expenditure","",s,true,false,B317:E317,"","","","","",""
Project_Report,318,B,B318,"already incurred has been financed       :","",s,true,false,B318:E318,"","","","","",""
Project_Report,321,A,A321,"11.3","",n,true,false,,"","","","","",""
Project_Report,321,B,B321,"% of Promoters contribution of the     :","",s,true,false,B321:E321,"","","","","",""
Project_Report,322,B,B322,"total cost of project","",s,true,false,B322:E322,"","","","","",""
Project_Report,327,A,A327,"12","",n,true,false,,"","","","","",""
Project_Report,327,B,B327,"Marketing  & Selling Arrangements of the Product          :","",s,true,false,B327:H327,"","","","","",""
Project_Report,340,A,A340,"13","",n,true,false,,"","","","","",""
Project_Report,340,B,B340,"Projected Profitability                          :","",s,true,false,B340:E340,"","","","","",""
Project_Report,340,G,G340,"Projected Profitability Statement given in the","",s,true,false,G340:K340,"","","","","",""
Project_Report,341,G,G341,"Detailed Project Report.","",s,true,false,G341:K341,"","","","","",""
Project_Report,344,A,A344,"14","",n,true,false,,"","","","","",""
Project_Report,344,B,B344,"Projected Cash flow Statement          :","",s,true,false,B344:E344,"","","","","",""
Project_Report,344,G,G344,"Projected Cash flow Statement given in the ","",s,true,false,G344:K344,"","","","","",""
Project_Report,345,G,G345,"Detailed Project Report.","",s,true,false,G345:K345,"","","","","",""
Project_Report,347,B,B347,"% of Cash Sales in Total Sales         :","",s,true,false,B347:E347,"","","","","",""
Project_Report,349,B,B349,"Period in which payment is received","",s,true,false,B349:E349,"","","","","",""
Project_Report,349,H,H349,"Days","",s,true,false,,"","","","","",""
Project_Report,350,B,B350,"in respect of Credit Sales","",s,true,false,B350:E350,"","","","","",""
Project_Report,352,B,B352,"Average Credit Available on Purchase   :","",s,true,false,B352:E352,"","","","","",""
Project_Report,352,H,H352,"Days","",s,true,false,,"","","","","",""
Project_Report,355,A,A355,"15","",n,true,false,,"","","","","",""
Project_Report,355,B,B355,"Working Capital Required for the      :","",s,true,false,B355:E355,"","","","","",""
Project_Report,355,F,F355,"Rs.","",s,true,false,,"","","","","",""
Project_Report,355,G,G355,"0.00","J271",n,false,false,G355:H355,"","","","","",""
Project_Report,356,B,B356,"anticipated turnover","",s,true,false,B356:E356,"","","","","",""
Project_Report,359,A,A359,"16","",n,true,false,,"","","","","",""
Project_Report,359,B,B359,"Repayment Programme                      :","",s,true,false,B359:E359,"","","","","",""
Project_Report,359,F,F359,"Detailed Repayment programme for Term loan and ","",s,true,false,F359:K359,"","","","","",""
Project_Report,360,F,F360,"Working capital loan have been given in the DPR.","",s,true,false,F360:K360,"","","","","",""
Project_Report,363,A,A363,"17","",n,true,false,,"","","","","",""
Project_Report,363,B,B363,"Details of Securities to be Offered    :","",s,true,false,B363:E363,"","","","","",""
Project_Report,365,A,A365,"17.1","",n,true,false,,"","","","","",""
Project_Report,365,B,B365,"Primary ( Furnish details for term loan and   :                                        :","",s,true,false,B365:E365,"","","","","",""
Project_Report,366,B,B366,"working capital loan separately )","",s,true,false,B366:E366,"","","","","",""
Project_Report,374,A,A374,"17.2","",n,true,false,,"","","","","",""
Project_Report,374,B,B374,"Collateral, if any (Details)                    :","",s,true,false,B374:E374,"","","","","",""
Project_Report,378,A,A378,"17.3","",n,true,false,,"","","","","",""
Project_Report,378,B,B378,"Details of Guarantor(s)                        :","",s,true,false,B378:E378,"","","","","",""
Project_Report,379,B,B379,"1.  Name                                               :","",s,true,false,B379:E379,"","","","","",""
Project_Report,380,B,B380,"2.  Residential Address                      :","",s,true,false,B380:E380,"","","","","",""
Project_Report,382,B,B382,"3.  Occupation                                     :","",s,true,false,B382:E382,"","","","","",""
Project_Report,383,B,B383,"4.  Details of movable & immovable ","",s,true,false,B383:E383,"","","","","",""
Project_Report,384,B,B384,"     properties owned by him /her/other","",s,true,false,B384:E384,"","","","","",""
Project_Report,385,B,B385,"    family members","",s,true,false,B385:E385,"","","","","",""
Project_Report,387,B,B387,"5  Details of any other similar guarantees:","",s,true,false,B387:E387,"","","","","",""
Project_Report,388,B,B388,"    if any, given to other institutions","",s,true,false,B388:E388,"","","","","",""
Project_Report,393,A,A393,"18","",n,true,false,,"","","","","",""
Project_Report,393,B,B393,"Government Consents                        :","",s,true,false,B393:E393,"","","","","",""
Project_Report,394,B,B394,"(Give deatails of various licenses / consents required to be obtained from various authorities for the proposed project) ","",s,true,false,B394:K394,"","","","","",""
Project_Report,405,A,A405,"19","",n,true,false,,"","","","","",""
Project_Report,405,B,B405,"DECLARATION","",s,true,false,B405:K405,"","","","","",""
Project_Report,407,B,B407,"               I / We hereby declare that the information given herein before and the statements and other papers enclosed are, to the best of our knowledge and belief, true and correct in all particulars","",s,true,false,B407:K409,"","","","","",""
Project_Report,414,B,B414,"Date    :","",s,true,false,,"","","","","",""
Project_Report,414,C,C414,"0","Application_form!C66",n,false,false,C414:D414,"","","","","",""
Project_Report,414,G,G414,"Signature of the Borrower","",s,true,false,G414:K414,"","","","","",""
Project_Report,415,B,B415,"Place   :","",s,true,false,,"","","","","",""
Project_Report,415,C,C415,"0","Application_form!C65",n,false,false,C415:D415,"","","","","",""
Project_Report,415,G,G415,"Name & Designation (In case of Regd. Inst.)","",s,true,false,G415:K415,"","","","","",""
DPR_FRONT,1,B,B1,"Project Report on","",s,true,false,B1:H1,"","","","","",""
DPR_FRONT,2,B,B2,"","UPPER(Application_form!B55)",s,false,false,B2:H2,"","","","","",""
DPR_FRONT,32,B,B32,"Prepared By:","",s,true,false,B32:H32,"","","","","",""
DPR_FRONT,33,B,B33,"#REF!","#REF!",e,false,false,B33:H33,"","","","","",""
DPR_FRONT,34,B,B34,"Khadi & V.I. Commission","INDEX(Application_form!T21:T24,DataSheet!M59)",s,false,false,B34:H34,"","","","","",""
DPR_FRONT,35,B,B35,"#REF!","#REF!",e,false,false,B35:H35,"","","","","",""
DPR_FRONT,36,B,B36,"#REF!","#REF!",e,false,false,B36:H36,"","","","","",""
DPR_FRONT,37,B,B37,"#REF!","#REF!",e,false,false,B37:D37,"","","","","",""
DPR_FRONT,37,E,E37,"State:","",s,true,false,,"","","","","",""
DPR_FRONT,37,F,F37,"#REF!","#REF!",e,false,false,F37:H37,"","","","","",""
DPR_FRONT,38,B,B38,"e-Mail:","",s,true,false,,"","","","","",""
DPR_FRONT,39,B,B39,"Ph. No.:","",s,true,false,,"","","","","",""
DPR_FRONT,39,F,F39,"Fax:","",s,true,false,,"","","","","",""